timeStamp,totalThroughput,totalDownloadTime,listQuality,visibleFaces,percentageVisibleFaces,yaw,pitch
2025-04-03 11:19:42,462480,17.25,[0;0;0;0;0;0;0;0;0;0;0;0;0;0;0;0;0;0;0;0;0;0;0],],],0.0000,0.0000
2025-04-03 11:19:43,462480,17.25,[0;0;0;0;0;0;0;0;0;0;0;0;0;0;0;0;0;0;0;0;0;0;0],],],0.0000,0.0000
2025-04-03 11:19:44,902376,10.791666666666666,[0;0;0;0;0;0;0;0;0;0;0;0;0;0;0;0;0;0;0;0;0;0;0],[ent_video_0_points;ent_video_2_points;ent_video_5_points;ent_video_7_points;ent_video_16_points;ent_video_17_points;ent_video_18_points;ent_video_19_points],[0.28;0.28;0.28;0.28;0.8;0.8;0.8;0.8],0.0000,0.0000
2025-04-03 11:19:45,439896,4.333333333333333,[0;0;0;0;0;0;0;0;0;0;0;0;0;0;0;0;0;0;0;0;0;0;0],[ent_video_0_points;ent_video_2_points;ent_video_5_points;ent_video_7_points;ent_video_16_points;ent_video_17_points;ent_video_18_points;ent_video_19_points],[0.28;0.28;0.28;0.28;0.8;0.8;0.8;0.8],0.0000,0.0000
2025-04-03 11:19:46,439896,4.333333333333333,[0;0;0;0;0;0;0;0;0;0;0;0;0;0;0;0;0;0;0;0;0;0;0],[ent_video_0_points;ent_video_2_points;ent_video_5_points;ent_video_7_points;ent_video_16_points;ent_video_17_points;ent_video_18_points;ent_video_19_points],[0.28;0.28;0.28;0.28;0.8;0.8;0.8;0.8],0.0000,0.0000
2025-04-03 11:19:47,439896,4.333333333333333,[0;0;0;0;0;0;0;0;0;0;0;0;0;0;0;0;0;0;0;0;0;0;0],[ent_video_0_points;ent_video_2_points;ent_video_5_points;ent_video_7_points;ent_video_16_points;ent_video_17_points;ent_video_18_points;ent_video_19_points],[0.28;0.28;0.28;0.28;0.8;0.8;0.8;0.8],0.0000,0.0000
2025-04-03 11:19:48,439896,4.333333333333333,[0;0;0;0;0;0;0;0;0;0;0;0;0;0;0;0;0;0;0;0;0;0;0],[ent_video_0_points;ent_video_2_points;ent_video_5_points;ent_video_7_points;ent_video_16_points;ent_video_17_points;ent_video_18_points;ent_video_19_points],[0.28;0.28;0.28;0.28;0.8;0.8;0.8;0.8],0.0000,0.0000
2025-04-03 11:19:49,20733117,9.369565217391305,[1;1;1;1;1;1;1;1;1;1;1;1;1;0;1;1;1;1;1;1;1;1;1],[ent_video_0_points;ent_video_2_points;ent_video_5_points;ent_video_7_points;ent_video_16_points;ent_video_17_points;ent_video_18_points;ent_video_19_points],[0.28;0.28;0.28;0.28;0.8;0.8;0.8;0.8],0.0000,0.0000
2025-04-03 11:19:50,21589891,9,[1;1;1;1;1;1;1;1;1;1;1;1;1;1;1;1;1;1;1;1;1;1;1],[ent_video_0_points;ent_video_2_points;ent_video_5_points;ent_video_7_points;ent_video_16_points;ent_video_17_points;ent_video_18_points;ent_video_19_points],[0.28;0.28;0.28;0.28;0.8;0.8;0.8;0.8],0.0000,0.0000
2025-04-03 11:19:51,21589891,9,[1;1;1;1;1;1;1;1;1;1;1;1;1;1;1;1;1;1;1;1;1;1;1],[ent_video_0_points;ent_video_2_points;ent_video_5_points;ent_video_7_points;ent_video_16_points;ent_video_17_points;ent_video_18_points;ent_video_19_points],[0.28;0.28;0.28;0.28;0.8;0.8;0.8;0.8],0.0000,0.0000
2025-04-03 11:19:52,856773,0.5,[1;1;1;1;1;1;1;1;1;1;1;1;1;1;1;1;1;1;1;1;1;1;1],[ent_video_0_points;ent_video_2_points;ent_video_5_points;ent_video_7_points;ent_video_16_points;ent_video_17_points;ent_video_18_points;ent_video_19_points],[0.28;0.28;0.28;0.28;0.8;0.8;0.8;0.8],0.0000,0.0000
2025-04-03 11:19:53,856773,0.5,[1;1;1;1;1;1;1;1;1;1;1;1;1;1;1;1;1;1;1;1;1;1;1],[ent_video_0_points;ent_video_2_points;ent_video_5_points;ent_video_7_points;ent_video_16_points;ent_video_17_points;ent_video_18_points;ent_video_19_points],[0.28;0.28;0.28;0.28;0.8;0.8;0.8;0.8],0.0000,0.0000
2025-04-03 11:19:54,7252328,2.75,[1;1;1;1;1;1;1;1;1;1;1;1;1;1;1;1;1;1;1;1;1;1;1],[ent_video_0_points;ent_video_2_points;ent_video_5_points;ent_video_7_points;ent_video_16_points;ent_video_17_points;ent_video_18_points;ent_video_19_points],[0.28;0.28;0.28;0.28;0.8;0.8;0.8;0.8],0.0000,0.0000
2025-04-03 11:19:55,11983027,2.2083333333333335,[1;1;1;1;1;1;1;1;1;1;1;1;1;1;1;1;1;1;1;1;1;1;1],[ent_video_0_points;ent_video_2_points;ent_video_5_points;ent_video_7_points;ent_video_16_points;ent_video_17_points;ent_video_18_points;ent_video_19_points],[0.28;0.28;0.28;0.28;0.8;0.8;0.8;0.8],0.0000,0.0000
2025-04-03 11:19:56,11983027,2.2083333333333335,[1;1;1;1;1;1;1;1;1;1;1;1;1;1;1;1;1;1;1;1;1;1;1],[ent_video_0_points;ent_video_2_points;ent_video_5_points;ent_video_7_points;ent_video_16_points;ent_video_17_points;ent_video_18_points;ent_video_19_points],[0.28;0.28;0.28;0.28;0.8;0.8;0.8;0.8],0.0000,0.0000
2025-04-03 11:19:57,4730699,1.125,[1;1;1;1;1;1;1;1;1;1;1;1;1;1;1;1;1;1;1;1;1;1;1],[ent_video_0_points;ent_video_2_points;ent_video_5_points;ent_video_7_points;ent_video_16_points;ent_video_17_points;ent_video_18_points;ent_video_19_points],[0.28;0.28;0.28;0.28;0.8;0.8;0.8;0.8],0.0000,0.0000
2025-04-03 11:19:58,4730699,1.125,[1;1;1;1;1;1;1;1;1;1;1;1;1;1;1;1;1;1;1;1;1;1;1],[ent_video_0_points;ent_video_2_points;ent_video_5_points;ent_video_7_points;ent_video_16_points;ent_video_17_points;ent_video_18_points;ent_video_19_points],[0.28;0.28;0.28;0.28;0.8;0.8;0.8;0.8],0.0000,0.0000
2025-04-03 11:19:59,5374947,1.3333333333333333,[1;1;1;1;1;1;1;1;1;1;1;1;1;1;1;1;1;1;1;1;1;1;1],[ent_video_0_points;ent_video_2_points;ent_video_5_points;ent_video_7_points;ent_video_16_points;ent_video_17_points;ent_video_18_points;ent_video_19_points],[0.28;0.28;0.28;0.28;0.8;0.8;0.8;0.8],0.0000,0.0000
2025-04-03 11:20:00,15586451,2.869565217391304,[1;1;1;1;1;1;1;1;1;1;1;1;1;1;1;1;1;1;1;1;1;1;1],[ent_video_0_points;ent_video_2_points;ent_video_5_points;ent_video_7_points;ent_video_16_points;ent_video_17_points;ent_video_18_points;ent_video_19_points],[0.28;0.28;0.28;0.28;0.8;0.8;0.8;0.8],0.0000,0.0000
2025-04-03 11:20:01,16027320,2.7916666666666665,[1;1;1;1;1;1;1;1;1;1;1;1;1;1;1;1;1;1;1;1;1;1;1],[ent_video_0_points;ent_video_2_points;ent_video_5_points;ent_video_7_points;ent_video_16_points;ent_video_17_points;ent_video_18_points;ent_video_19_points],[0.28;0.28;0.28;0.28;0.8;0.8;0.8;0.8],0.0000,0.0000
2025-04-03 11:20:02,10652373,4.25,[1;1;1;1;1;1;1;1;1;1;1;1;1;1;1;1;1;1;1;1;1;1;1],[ent_video_0_points;ent_video_2_points;ent_video_5_points;ent_video_7_points;ent_video_16_points;ent_video_17_points;ent_video_18_points;ent_video_19_points],[0.28;0.28;0.28;0.28;0.8;0.8;0.8;0.8],0.0000,0.0000
2025-04-03 11:20:03,440869,1,[1;1;1;1;1;1;1;1;1;1;1;1;1;1;1;1;1;1;1;1;1;1;1],[ent_video_0_points;ent_video_2_points;ent_video_5_points;ent_video_7_points;ent_video_16_points;ent_video_17_points;ent_video_18_points;ent_video_19_points],[0.28;0.28;0.28;0.28;0.8;0.8;0.8;0.8],0.0000,0.0000
2025-04-03 11:20:04,5753059,1.4166666666666667,[1;1;1;1;1;1;1;1;1;1;1;1;1;1;1;1;1;1;1;1;1;1;1],[ent_video_0_points;ent_video_2_points;ent_video_5_points;ent_video_7_points;ent_video_16_points;ent_video_17_points;ent_video_18_points;ent_video_19_points],[0.28;0.28;0.28;0.28;0.8;0.8;0.8;0.8],0.0000,0.0000
2025-04-03 11:20:05,14099216,1.380952380952381,[1;1;1;1;1;1;1;1;1;1;1;1;1;1;1;1;1;1;1;1;1;1;1],[ent_video_0_points;ent_video_2_points;ent_video_5_points;ent_video_7_points;ent_video_16_points;ent_video_17_points;ent_video_18_points;ent_video_19_points],[0.28;0.28;0.28;0.28;0.8;0.8;0.8;0.8],0.0000,0.0000
2025-04-03 11:20:06,15664648,1.434782608695652,[1;1;1;1;1;1;1;1;1;1;1;1;1;1;1;1;1;1;1;1;1;1;1],[ent_video_0_points;ent_video_2_points;ent_video_5_points;ent_video_7_points;ent_video_16_points;ent_video_17_points;ent_video_18_points;ent_video_19_points],[0.28;0.28;0.28;0.28;0.8;0.8;0.8;0.8],0.0000,0.0000
2025-04-03 11:20:07,10390819,1.3333333333333333,[1;1;1;1;1;1;1;1;1;1;1;1;1;1;1;1;1;1;1;1;1;1;1],[ent_video_0_points;ent_video_2_points;ent_video_5_points;ent_video_7_points;ent_video_16_points;ent_video_17_points;ent_video_18_points;ent_video_19_points],[0.28;0.28;0.28;0.28;0.8;0.8;0.8;0.8],0.0000,0.0000
2025-04-03 11:20:08,2044661,1.3333333333333333,[1;1;1;1;1;1;1;1;1;1;1;1;1;1;1;1;1;1;1;1;1;1;1],[ent_video_0_points;ent_video_2_points;ent_video_5_points;ent_video_7_points;ent_video_16_points;ent_video_17_points;ent_video_18_points;ent_video_19_points],[0.28;0.28;0.28;0.28;0.8;0.8;0.8;0.8],0.0000,0.0000
2025-04-03 11:20:09,3574453,1.8888888888888888,[1;1;1;1;1;1;1;1;1;1;1;1;1;1;1;1;1;1;1;1;1;1;1],[ent_video_0_points;ent_video_2_points;ent_video_5_points;ent_video_7_points;ent_video_16_points;ent_video_17_points;ent_video_18_points;ent_video_19_points],[0.28;0.28;0.28;0.28;0.8;0.8;0.8;0.8],0.0000,0.0000
2025-04-03 11:20:10,9782507,3,[1;1;1;1;1;1;1;1;1;1;1;1;1;1;1;1;1;1;1;1;1;1;1],[ent_video_0_points;ent_video_2_points;ent_video_5_points;ent_video_7_points;ent_video_16_points;ent_video_17_points;ent_video_18_points;ent_video_19_points],[0.28;0.28;0.28;0.28;0.8;0.8;0.8;0.8],0.0000,0.0000
2025-04-03 11:20:11,15144173,2.5652173913043477,[1;1;1;1;1;1;1;1;1;1;1;1;1;1;1;1;1;1;1;1;1;1;1],[ent_video_0_points;ent_video_2_points;ent_video_5_points;ent_video_7_points;ent_video_16_points;ent_video_17_points;ent_video_18_points;ent_video_19_points],[0.28;0.28;0.28;0.28;0.8;0.8;0.8;0.8],0.0000,0.0000
2025-04-03 11:20:12,12533291,2.625,[1;1;1;1;1;1;1;1;1;1;1;1;1;1;1;1;1;1;1;1;1;1;1],[ent_video_0_points;ent_video_2_points;ent_video_5_points;ent_video_7_points;ent_video_16_points;ent_video_17_points;ent_video_18_points;ent_video_19_points],[0.28;0.28;0.28;0.28;0.8;0.8;0.8;0.8],0.0000,0.0000
2025-04-03 11:20:13,5846008,1.1428571428571428,[1;1;1;1;1;1;1;1;1;1;1;1;1;1;1;1;1;1;1;1;1;1;1],[ent_video_0_points;ent_video_2_points;ent_video_5_points;ent_video_7_points;ent_video_16_points;ent_video_17_points;ent_video_18_points;ent_video_19_points],[0.28;0.28;0.28;0.28;0.8;0.8;0.8;0.8],0.0000,0.0000
2025-04-03 11:20:14,5830339,2.111111111111111,[1;1;1;1;1;1;1;1;1;1;1;1;1;1;1;1;1;1;1;1;1;1;1],[ent_video_0_points;ent_video_2_points;ent_video_5_points;ent_video_7_points;ent_video_16_points;ent_video_17_points;ent_video_18_points;ent_video_19_points],[0.28;0.28;0.28;0.28;0.8;0.8;0.8;0.8],0.0000,0.0000
2025-04-03 11:20:15,11785907,2.1875,[1;1;1;1;1;1;1;1;1;1;1;1;1;1;1;1;1;1;1;1;1;1;1],[ent_video_0_points;ent_video_2_points;ent_video_5_points;ent_video_7_points;ent_video_16_points;ent_video_17_points;ent_video_18_points;ent_video_19_points],[0.28;0.28;0.28;0.28;0.8;0.8;0.8;0.8],0.0000,0.0000
2025-04-03 11:20:16,15911283,2.2857142857142856,[1;1;1;1;1;1;1;1;1;1;1;1;1;1;1;1;1;1;1;1;1;1;1],[ent_video_0_points;ent_video_2_points;ent_video_5_points;ent_video_7_points;ent_video_16_points;ent_video_17_points;ent_video_18_points;ent_video_19_points],[0.28;0.28;0.28;0.28;0.8;0.8;0.8;0.8],0.0000,0.0000
2025-04-03 11:20:17,12613088,2,[1;1;1;1;1;1;1;1;1;1;1;1;1;1;1;1;1;1;1;1;1;1;1],[ent_video_0_points;ent_video_2_points;ent_video_5_points;ent_video_7_points;ent_video_16_points;ent_video_17_points;ent_video_18_points;ent_video_19_points],[0.28;0.28;0.28;0.28;0.8;0.8;0.8;0.8],0.0000,0.0000
2025-04-03 11:20:18,6173179,2,[1;1;1;1;1;1;1;1;1;1;1;1;1;1;1;1;1;1;1;1;1;1;1],[ent_video_0_points;ent_video_2_points;ent_video_5_points;ent_video_7_points;ent_video_16_points;ent_video_17_points;ent_video_18_points;ent_video_19_points],[0.28;0.28;0.28;0.28;0.8;0.8;0.8;0.8],0.0000,0.0000
2025-04-03 11:20:19,4564824,1.625,[1;1;1;1;1;1;1;1;1;1;1;1;1;1;1;1;1;1;1;1;1;1;1],[ent_video_0_points;ent_video_2_points;ent_video_5_points;ent_video_7_points;ent_video_16_points;ent_video_17_points;ent_video_18_points;ent_video_19_points],[0.28;0.28;0.28;0.28;0.8;0.8;0.8;0.8],0.0000,0.0000
2025-04-03 11:20:20,4819989,1.2,[1;1;1;1;1;1;1;1;1;1;1;1;1;1;1;1;1;1;1;1;1;1;1],[ent_video_0_points;ent_video_2_points;ent_video_5_points;ent_video_7_points;ent_video_16_points;ent_video_17_points;ent_video_18_points;ent_video_19_points],[0.28;0.28;0.28;0.28;0.8;0.8;0.8;0.8],0.0000,0.0000
2025-04-03 11:20:21,7932936,0.9411764705882353,[1;1;1;1;1;1;1;1;1;1;1;1;1;1;1;1;1;1;1;1;1;1;1],[ent_video_0_points;ent_video_2_points;ent_video_5_points;ent_video_7_points;ent_video_16_points;ent_video_17_points;ent_video_18_points;ent_video_19_points],[0.28;0.28;0.28;0.28;0.8;0.8;0.8;0.8],0.0000,0.0000
2025-04-03 11:20:22,8201848,0.5789473684210527,[1;1;1;1;1;1;1;1;1;1;1;1;1;1;1;1;1;1;1;1;1;1;1],[ent_video_0_points;ent_video_2_points;ent_video_5_points;ent_video_7_points;ent_video_16_points;ent_video_17_points;ent_video_18_points;ent_video_19_points],[0.28;0.28;0.28;0.28;0.8;0.8;0.8;0.8],0.0000,0.0000
2025-04-03 11:20:23,5898880,0.6428571428571429,[1;1;1;1;1;1;1;1;1;1;1;1;1;1;1;1;1;1;1;1;1;1;1],[ent_video_0_points;ent_video_2_points;ent_video_5_points;ent_video_7_points;ent_video_16_points;ent_video_17_points;ent_video_18_points;ent_video_19_points],[0.28;0.28;0.28;0.28;0.8;0.8;0.8;0.8],0.0000,0.0000
2025-04-03 11:20:24,2785933,0.7142857142857143,[1;1;1;1;1;1;1;1;1;1;1;1;1;1;1;1;1;1;1;1;1;1;1],[ent_video_0_points;ent_video_2_points;ent_video_5_points;ent_video_7_points;ent_video_16_points;ent_video_17_points;ent_video_18_points;ent_video_19_points],[0.28;0.28;0.28;0.28;0.8;0.8;0.8;0.8],0.0000,0.0000
2025-04-03 11:20:25,2633067,0.75,[1;1;1;1;1;1;1;1;1;1;1;1;1;1;1;1;1;1;1;1;1;1;1],[ent_video_0_points;ent_video_2_points;ent_video_5_points;ent_video_7_points;ent_video_16_points;ent_video_17_points;ent_video_18_points;ent_video_19_points],[0.28;0.28;0.28;0.28;0.8;0.8;0.8;0.8],0.0000,0.0000
2025-04-03 11:20:26,6157581,0.9411764705882353,[1;1;1;1;1;1;1;1;1;1;1;1;1;1;1;1;1;1;1;1;1;1;1],[ent_video_0_points;ent_video_2_points;ent_video_5_points;ent_video_7_points;ent_video_16_points;ent_video_17_points;ent_video_18_points;ent_video_19_points],[0.28;0.28;0.28;0.28;0.8;0.8;0.8;0.8],0.0000,0.0000
2025-04-03 11:20:27,8364461,0.9523809523809523,[1;1;1;1;1;1;1;1;1;1;1;1;1;1;1;1;1;1;1;1;1;1;1],[ent_video_0_points;ent_video_2_points;ent_video_5_points;ent_video_7_points;ent_video_16_points;ent_video_17_points;ent_video_18_points;ent_video_19_points],[0.28;0.28;0.28;0.28;0.8;0.8;0.8;0.8],0.0000,0.0000
2025-04-03 11:20:28,7567333,1.125,[1;1;1;1;1;1;1;1;1;1;1;1;1;1;1;1;1;1;1;1;1;1;1],[ent_video_0_points;ent_video_2_points;ent_video_5_points;ent_video_7_points;ent_video_16_points;ent_video_17_points;ent_video_18_points;ent_video_19_points],[0.28;0.28;0.28;0.28;0.8;0.8;0.8;0.8],0.0000,0.0000
2025-04-03 11:20:29,4286837,1.125,[1;1;1;1;1;1;1;1;1;1;1;1;1;1;1;1;1;1;1;1;1;1;1],[ent_video_0_points;ent_video_2_points;ent_video_5_points;ent_video_7_points;ent_video_16_points;ent_video_17_points;ent_video_18_points;ent_video_19_points],[0.28;0.28;0.28;0.28;0.8;0.8;0.8;0.8],0.0000,0.0000
2025-04-03 11:20:30,3387896,1.2857142857142858,[1;1;1;1;1;1;1;1;1;1;1;1;1;1;1;1;1;1;1;1;1;1;1],[ent_video_0_points;ent_video_2_points;ent_video_5_points;ent_video_7_points;ent_video_16_points;ent_video_17_points;ent_video_18_points;ent_video_19_points],[0.28;0.28;0.28;0.28;0.8;0.8;0.8;0.8],0.0000,0.0000
2025-04-03 11:20:31,10665784,1.2666666666666666,[1;1;1;1;1;1;1;1;1;1;1;1;1;1;1;1;1;1;1;1;1;1;1],[ent_video_0_points;ent_video_2_points;ent_video_5_points;ent_video_7_points;ent_video_16_points;ent_video_17_points;ent_video_18_points;ent_video_19_points],[0.28;0.28;0.28;0.28;0.8;0.8;0.8;0.8],0.0000,0.0000
2025-04-03 11:20:32,13662392,1.6111111111111112,[1;1;1;1;1;1;1;1;1;1;1;1;1;1;1;1;1;1;1;1;1;1;1],[ent_video_0_points;ent_video_2_points;ent_video_5_points;ent_video_7_points;ent_video_16_points;ent_video_17_points;ent_video_18_points;ent_video_19_points],[0.28;0.28;0.28;0.28;0.8;0.8;0.8;0.8],0.0000,0.0000
2025-04-03 11:20:33,16067296,1.85,[1;1;1;1;1;1;1;1;1;1;1;1;1;1;1;1;1;1;1;1;1;1;1],[ent_video_0_points;ent_video_2_points;ent_video_5_points;ent_video_7_points;ent_video_16_points;ent_video_17_points;ent_video_18_points;ent_video_19_points],[0.28;0.28;0.28;0.28;0.8;0.8;0.8;0.8],0.0000,0.0000
2025-04-03 11:20:34,6953469,2.5555555555555554,[1;1;1;1;1;1;1;1;1;1;1;1;1;1;1;1;1;1;1;1;1;1;1],[ent_video_0_points;ent_video_2_points;ent_video_5_points;ent_video_7_points;ent_video_16_points;ent_video_17_points;ent_video_18_points;ent_video_19_points],[0.28;0.28;0.28;0.28;0.8;0.8;0.8;0.8],0.0000,0.0000
2025-04-03 11:20:35,4272443,2.375,[1;1;1;1;1;1;1;1;1;1;1;1;1;1;1;1;1;1;1;1;1;1;1],[ent_video_0_points;ent_video_2_points;ent_video_5_points;ent_video_7_points;ent_video_16_points;ent_video_17_points;ent_video_18_points;ent_video_19_points],[0.28;0.28;0.28;0.28;0.8;0.8;0.8;0.8],0.0000,0.0000
2025-04-03 11:20:36,1787811,2.727272727272727,[1;1;1;1;1;1;1;1;1;1;1;1;1;1;1;1;1;1;1;1;1;1;1],[ent_video_0_points;ent_video_2_points;ent_video_5_points;ent_video_7_points;ent_video_16_points;ent_video_17_points;ent_video_18_points;ent_video_19_points],[0.28;0.28;0.28;0.28;0.8;0.8;0.8;0.8],0.0000,0.0000
2025-04-03 11:20:37,1996651,2.933333333333333,[1;1;1;1;1;1;1;1;1;1;1;1;1;1;1;1;1;1;1;1;1;1;1],[ent_video_0_points;ent_video_2_points;ent_video_5_points;ent_video_7_points;ent_video_16_points;ent_video_17_points;ent_video_18_points;ent_video_19_points],[0.28;0.28;0.28;0.28;0.8;0.8;0.8;0.8],0.0000,0.0000
2025-04-03 11:20:38,1464557,3.5714285714285716,[1;1;1;1;1;1;1;1;1;1;1;1;1;1;1;1;1;1;1;1;1;1;1],[ent_video_0_points;ent_video_2_points;ent_video_5_points;ent_video_7_points;ent_video_16_points;ent_video_17_points;ent_video_18_points;ent_video_19_points],[0.28;0.28;0.28;0.28;0.8;0.8;0.8;0.8],0.0000,0.0000
2025-04-03 11:20:39,236347,4,[1;1;1;1;1;1;1;1;1;1;1;1;1;1;1;1;1;1;1;1;1;1;1],[ent_video_0_points;ent_video_2_points;ent_video_5_points;ent_video_7_points;ent_video_16_points;ent_video_17_points;ent_video_18_points;ent_video_19_points],[0.28;0.28;0.28;0.28;0.8;0.8;0.8;0.8],0.0000,0.0000
2025-04-03 11:20:40,27507,4.222222222222222,[1;1;1;1;1;1;1;1;1;1;1;1;1;1;1;1;1;1;1;1;1;1;1],[ent_video_0_points;ent_video_2_points;ent_video_5_points;ent_video_7_points;ent_video_16_points;ent_video_17_points;ent_video_18_points;ent_video_19_points],[0.28;0.28;0.28;0.28;0.8;0.8;0.8;0.8],0.0000,0.0000
2025-04-03 11:20:41,27507,4.222222222222222,[1;1;1;1;1;1;1;1;1;1;1;1;1;1;1;1;1;1;1;1;1;1;1],[ent_video_0_points;ent_video_2_points;ent_video_5_points;ent_video_7_points;ent_video_16_points;ent_video_17_points;ent_video_18_points;ent_video_19_points],[0.28;0.28;0.28;0.28;0.8;0.8;0.8;0.8],0.0000,0.0000
2025-04-03 11:20:42,27507,4.222222222222222,[1;1;1;1;1;1;1;1;1;1;1;1;1;1;1;1;1;1;1;1;1;1;1],[ent_video_0_points;ent_video_2_points;ent_video_5_points;ent_video_7_points;ent_video_16_points;ent_video_17_points;ent_video_18_points;ent_video_19_points],[0.28;0.28;0.28;0.28;0.8;0.8;0.8;0.8],0.0000,0.0000
