input_file,n,si,ti
video_3.mp4,1,28.558,
video_3.mp4,2,28.821,4.07
video_3.mp4,3,28.899,3.883
video_3.mp4,4,28.72,4.732
video_3.mp4,5,28.776,4.11
video_3.mp4,6,29.182,4.759
video_3.mp4,7,29.209,4.385
video_3.mp4,8,29.281,4.491
video_3.mp4,9,29.235,4.112
video_3.mp4,10,28.857,4.798
video_3.mp4,11,28.889,4.49
video_3.mp4,12,28.943,3.983
video_3.mp4,13,28.93,4.66
video_3.mp4,14,29.127,3.818
video_3.mp4,15,29.403,4.287
video_3.mp4,16,29.498,4.871
video_3.mp4,17,29.563,3.972
video_3.mp4,18,29.524,4.375
video_3.mp4,19,29.237,5.731
video_3.mp4,20,29.505,4.055
video_3.mp4,21,29.341,4.005
video_3.mp4,22,29.656,5.06
video_3.mp4,23,29.352,3.718
video_3.mp4,24,29.658,4.568
video_3.mp4,25,29.693,3.819
video_3.mp4,26,29.637,3.988
video_3.mp4,27,29.458,3.73
video_3.mp4,28,28.88,4.676
video_3.mp4,29,29.051,3.489
video_3.mp4,30,29.051,4.039
video_3.mp4,31,28.966,4.041
video_3.mp4,32,28.993,3.884
video_3.mp4,33,29.207,3.777
video_3.mp4,34,29.233,4.782
video_3.mp4,35,29.162,4.041
video_3.mp4,36,29.097,3.896
video_3.mp4,37,28.576,4.901
video_3.mp4,38,28.659,4.14
video_3.mp4,39,28.453,3.785
video_3.mp4,40,28.636,3.5
video_3.mp4,41,28.389,3.736
video_3.mp4,42,28.726,3.769
video_3.mp4,43,28.697,3.964
video_3.mp4,44,28.815,3.504
video_3.mp4,45,28.601,4.028
video_3.mp4,46,28.504,3.765
video_3.mp4,47,28.503,3.353
video_3.mp4,48,28.395,3.383
video_3.mp4,49,28.54,3.443
video_3.mp4,50,28.249,3.326
video_3.mp4,51,28.569,3.697
video_3.mp4,52,28.655,4.153
video_3.mp4,53,28.718,4.556
video_3.mp4,54,28.743,3.42
video_3.mp4,55,28.41,3.892
video_3.mp4,56,28.44,3.69
video_3.mp4,57,28.469,3.505
video_3.mp4,58,28.616,3.809
video_3.mp4,59,28.476,3.215
video_3.mp4,60,28.579,4.661
video_3.mp4,61,28.594,3.601
video_3.mp4,62,28.563,3.146
video_3.mp4,63,28.607,3.849
video_3.mp4,64,28.431,4.827
video_3.mp4,65,28.49,3.594
video_3.mp4,66,28.349,3.551
video_3.mp4,67,28.458,3.748
video_3.mp4,68,28.451,4.341
video_3.mp4,69,28.781,3.511
video_3.mp4,70,28.801,3.589
video_3.mp4,71,28.805,4.48
video_3.mp4,72,28.762,4.555
video_3.mp4,73,28.584,4.38
video_3.mp4,74,28.391,3.234
video_3.mp4,75,28.285,3.611
video_3.mp4,76,28.113,3.157
video_3.mp4,77,28.811,3.678
video_3.mp4,78,28.65,3.938
video_3.mp4,79,28.511,3.418
video_3.mp4,80,28.413,3.727
video_3.mp4,81,28.388,3.714
video_3.mp4,82,27.918,4.222
video_3.mp4,83,27.813,4.169
video_3.mp4,84,27.755,4.928
video_3.mp4,85,27.776,4.749
video_3.mp4,86,27.58,4.196
video_3.mp4,87,27.709,4.073
video_3.mp4,88,27.632,5.441
video_3.mp4,89,27.597,5.094
video_3.mp4,90,27.579,4.982
video_3.mp4,91,27.361,5.847
video_3.mp4,92,27.274,5.685
video_3.mp4,93,27.248,4.417
video_3.mp4,94,27.327,3.451
video_3.mp4,95,27.177,3.79
video_3.mp4,96,27.202,3.865
video_3.mp4,97,27.467,5.329
video_3.mp4,98,27.589,3.499
video_3.mp4,99,27.563,4.193
video_3.mp4,100,27.377,4.427
video_3.mp4,101,27.646,3.513
video_3.mp4,102,27.43,3.839
video_3.mp4,103,27.525,3.887
video_3.mp4,104,27.632,3.648
video_3.mp4,105,27.718,5.441
video_3.mp4,106,27.563,3.997
video_3.mp4,107,27.625,3.37
video_3.mp4,108,27.7,4.174
video_3.mp4,109,27.685,5.09
video_3.mp4,110,27.579,5.825
video_3.mp4,111,27.45,4.061
video_3.mp4,112,27.44,5.033
video_3.mp4,113,27.25,4.767
video_3.mp4,114,27.581,5.856
video_3.mp4,115,27.56,4.978
video_3.mp4,116,27.432,3.433
video_3.mp4,117,27.32,6.208
video_3.mp4,118,27.179,4.32
video_3.mp4,119,27.206,5.754
video_3.mp4,120,27.312,5.905
video_3.mp4,121,27.517,3.086
video_3.mp4,122,27.379,5.307
video_3.mp4,123,27.162,4.259
video_3.mp4,124,27.24,3.828
video_3.mp4,125,27.518,3.981
video_3.mp4,126,27.615,3.189
video_3.mp4,127,27.808,4.431
video_3.mp4,128,27.746,3.993
video_3.mp4,129,27.515,2.833
video_3.mp4,130,27.762,3.838
video_3.mp4,131,27.761,3.196
video_3.mp4,132,27.57,3.551
video_3.mp4,133,27.802,3.003
video_3.mp4,134,27.964,3.405
video_3.mp4,135,27.715,3.456
video_3.mp4,136,27.726,3.434
video_3.mp4,137,27.881,4.776
video_3.mp4,138,28.196,3.962
video_3.mp4,139,27.932,2.879
video_3.mp4,140,27.679,4.106
video_3.mp4,141,27.81,3.446
video_3.mp4,142,27.941,4.373
video_3.mp4,143,27.825,5.372
video_3.mp4,144,27.945,3.935
video_3.mp4,145,28.063,3.637
video_3.mp4,146,28.283,3.33
video_3.mp4,147,27.936,2.605
video_3.mp4,148,27.92,3.618
video_3.mp4,149,28.067,4.58
video_3.mp4,150,28.081,4.628
video_3.mp4,151,27.798,3.147
video_3.mp4,152,27.914,3.587
video_3.mp4,153,28.151,3.104
video_3.mp4,154,28.128,3.56
video_3.mp4,155,27.838,3.092
video_3.mp4,156,27.798,3.447
video_3.mp4,157,28.041,2.795
video_3.mp4,158,27.991,3.951
video_3.mp4,159,27.663,4.124
video_3.mp4,160,27.948,2.92
video_3.mp4,161,28.079,4.554
video_3.mp4,162,27.815,3.661
video_3.mp4,163,27.974,3.349
video_3.mp4,164,27.926,4.057
video_3.mp4,165,28.236,2.477
video_3.mp4,166,28.042,2.755
video_3.mp4,167,28.089,2.538
video_3.mp4,168,28.18,2.983
video_3.mp4,169,28.448,3.652
video_3.mp4,170,28.194,4.253
video_3.mp4,171,28.3,3.651
video_3.mp4,172,28.31,3.941
video_3.mp4,173,28.558,3.082
video_3.mp4,174,28.24,2.843
video_3.mp4,175,28.223,2.891
video_3.mp4,176,28.319,3.615
video_3.mp4,177,28.6,5.677
video_3.mp4,178,28.336,3.124
video_3.mp4,179,28.412,4.931
video_3.mp4,180,28.62,4.698
video_3.mp4,181,28.689,3.831
video_3.mp4,182,28.235,4.565
video_3.mp4,183,28.31,2.426
video_3.mp4,184,28.63,2.843
video_3.mp4,185,28.726,4.197
video_3.mp4,186,28.423,3.021
video_3.mp4,187,28.371,4.456
video_3.mp4,188,28.546,2.986
video_3.mp4,189,28.304,5.493
video_3.mp4,190,28.245,3.313
video_3.mp4,191,28.278,3.613
video_3.mp4,192,28.635,3.702
video_3.mp4,193,28.317,3.562
video_3.mp4,194,28.341,4.785
video_3.mp4,195,28.591,2.811
video_3.mp4,196,28.198,2.853
video_3.mp4,197,28.334,5.774
video_3.mp4,198,28.462,4.615
video_3.mp4,199,28.761,4.033
video_3.mp4,200,28.331,3.53
video_3.mp4,201,28.568,2.96
video_3.mp4,202,28.34,3.012
video_3.mp4,203,28.228,3.102
video_3.mp4,204,28.304,3.204
video_3.mp4,205,28.455,3.104
video_3.mp4,206,28.218,4.371
video_3.mp4,207,28.23,2.436
video_3.mp4,208,28.061,3.942
video_3.mp4,209,28.327,2.234
video_3.mp4,210,28.111,3.481
video_3.mp4,211,28.187,5.29
video_3.mp4,212,28.11,3.04
video_3.mp4,213,28.144,5.032
video_3.mp4,214,28.619,2.528
video_3.mp4,215,28.671,5.127
video_3.mp4,216,28.352,4.577
video_3.mp4,217,28.475,3.078
video_3.mp4,218,28.256,3.161
video_3.mp4,219,28.632,3.532
video_3.mp4,220,28.21,2.475
video_3.mp4,221,28.347,3.941
video_3.mp4,222,28.277,2.301
video_3.mp4,223,28.492,2.638
video_3.mp4,224,28.267,3.147
video_3.mp4,225,28.24,2.617
video_3.mp4,226,28.147,5.785
video_3.mp4,227,28.479,2.732
video_3.mp4,228,28.394,3.282
video_3.mp4,229,28.161,3.979
video_3.mp4,230,28.214,2.567
video_3.mp4,231,28.53,2.39
video_3.mp4,232,28.652,2.52
video_3.mp4,233,28.298,2.823
video_3.mp4,234,28.307,2.953
video_3.mp4,235,28.277,2.355
video_3.mp4,236,28.519,2.796
video_3.mp4,237,28.127,2.839
video_3.mp4,238,28.105,3.366
video_3.mp4,239,28.214,4.53
video_3.mp4,240,28.418,3.45
video_3.mp4,241,28.196,3.436
video_3.mp4,242,28.191,2.108
video_3.mp4,243,28.331,2.289
video_3.mp4,244,28.376,3.645
video_3.mp4,245,28.201,3.016
video_3.mp4,246,28.381,2.348
video_3.mp4,247,28.132,3.043
video_3.mp4,248,28.088,4.703
video_3.mp4,249,28.237,3.584
video_3.mp4,250,28.081,2.519
video_3.mp4,251,28.242,3.696
video_3.mp4,252,28.322,4.258
video_3.mp4,253,28.28,5.023
video_3.mp4,254,28.15,4.912
video_3.mp4,255,27.883,4.644
video_3.mp4,256,28.189,2.319
video_3.mp4,257,28.203,2.268
video_3.mp4,258,27.938,2.858
video_3.mp4,259,28.225,3.257
video_3.mp4,260,28.294,2.388
video_3.mp4,261,28.062,2.707
video_3.mp4,262,28.099,3.138
video_3.mp4,263,28.071,2.964
video_3.mp4,264,28.266,3.15
video_3.mp4,265,27.954,4.542
video_3.mp4,266,27.993,2.895
video_3.mp4,267,28.073,5.507
video_3.mp4,268,28.339,4.532
video_3.mp4,269,28.143,3.994
video_3.mp4,270,28.19,3.954
video_3.mp4,271,28.308,3.833
video_3.mp4,272,28.616,4.094
video_3.mp4,273,28.475,4.447
video_3.mp4,274,28.332,3.833
video_3.mp4,275,28.365,3.956
video_3.mp4,276,28.462,4.38
video_3.mp4,277,28.207,3.755
video_3.mp4,278,28.286,3.452
video_3.mp4,279,28.66,4.216
video_3.mp4,280,28.977,5.807
video_3.mp4,281,28.852,3.721
video_3.mp4,282,29.112,4.873
video_3.mp4,283,29.571,5.226
video_3.mp4,284,29.752,5.618
video_3.mp4,285,29.911,4.781
video_3.mp4,286,30.209,6.114
video_3.mp4,287,30.479,4.289
video_3.mp4,288,30.125,4.257
video_3.mp4,289,30.479,4.622
video_3.mp4,290,30.345,3.357
video_3.mp4,291,30.683,5.963
video_3.mp4,292,30.514,4.385
video_3.mp4,293,30.376,3.845
video_3.mp4,294,30.284,3.319
video_3.mp4,295,30.526,5.479
video_3.mp4,296,30.064,4.876
video_3.mp4,297,30.211,3.115
video_3.mp4,298,30.1,3.676
video_3.mp4,299,30.408,4.315
video_3.mp4,300,30.082,3.912
video_3.mp4,301,29.999,5.446
video_3.mp4,302,30.283,3.026
video_3.mp4,303,30.568,6.901
video_3.mp4,304,30.203,6.881
video_3.mp4,305,30.249,3.22
video_3.mp4,306,30.583,6.409
video_3.mp4,307,30.815,4.226
video_3.mp4,308,30.66,4.079
video_3.mp4,309,30.454,5.656
video_3.mp4,310,30.674,3.203
video_3.mp4,311,30.643,4.527
video_3.mp4,312,30.281,5.249
video_3.mp4,313,30.274,3.18
video_3.mp4,314,30.626,3.122
video_3.mp4,315,30.171,3.94
video_3.mp4,316,30.33,4.08
video_3.mp4,317,30.357,3.534
video_3.mp4,318,30.714,3.739
video_3.mp4,319,30.337,4.196
video_3.mp4,320,30.301,3.754
video_3.mp4,321,30.261,4.446
video_3.mp4,322,30.666,3.596
video_3.mp4,323,30.467,3.99
video_3.mp4,324,30.737,6.964
video_3.mp4,325,30.603,6.499
video_3.mp4,326,30.925,5.582
video_3.mp4,327,30.749,3.905
video_3.mp4,328,30.689,4.215
video_3.mp4,329,30.803,4.315
video_3.mp4,330,30.842,5.454
video_3.mp4,331,30.235,4.734
video_3.mp4,332,30.176,5.407
video_3.mp4,333,30.279,4.066
video_3.mp4,334,30.41,5.821
video_3.mp4,335,30.069,6.345
video_3.mp4,336,30.048,4.284
video_3.mp4,337,30.382,4.976
video_3.mp4,338,30.452,4.408
video_3.mp4,339,30.127,4.943
video_3.mp4,340,30.252,6.043
video_3.mp4,341,30.543,4.406
video_3.mp4,342,30.213,4.553
video_3.mp4,343,30.125,6.228
video_3.mp4,344,30.094,6.036
video_3.mp4,345,30.361,5.486
video_3.mp4,346,30.013,5.727
video_3.mp4,347,29.88,6.711
video_3.mp4,348,30.054,6.655
video_3.mp4,349,30.296,7.94
video_3.mp4,350,30.232,9.108
video_3.mp4,351,30.417,10.446
video_3.mp4,352,29.859,11.835
video_3.mp4,353,31.038,11.901
video_3.mp4,354,32.406,10.929
video_3.mp4,355,32.108,9.829
video_3.mp4,356,31.787,8.566
video_3.mp4,357,31.386,7.136
video_3.mp4,358,31.316,6.739
video_3.mp4,359,30.618,5.9
video_3.mp4,360,30.565,5.227
video_3.mp4,361,30.232,6.471
video_3.mp4,362,30.458,4.524
video_3.mp4,363,30.081,4.692
video_3.mp4,364,29.918,6.339
video_3.mp4,365,29.824,4.682
video_3.mp4,366,30.078,5.603
video_3.mp4,367,29.595,5.72
video_3.mp4,368,29.32,5.702
video_3.mp4,369,29.391,5.971
video_3.mp4,370,29.564,5.81
video_3.mp4,371,29.263,5.749
video_3.mp4,372,29.045,5.773
video_3.mp4,373,29.141,7.627
video_3.mp4,374,29.021,7.444
video_3.mp4,375,29.158,6.275
video_3.mp4,376,28.925,7.062
video_3.mp4,377,29.212,5.532
video_3.mp4,378,29.778,5.576
video_3.mp4,379,29.94,7.471
video_3.mp4,380,29.515,4.941
video_3.mp4,381,29.58,5.284
video_3.mp4,382,29.3,6.218
video_3.mp4,383,29.014,5.395
video_3.mp4,384,29.056,5.918
video_3.mp4,385,29.063,5.195
video_3.mp4,386,29.064,5.046
video_3.mp4,387,28.636,6.672
video_3.mp4,388,29.12,7.65
video_3.mp4,389,28.725,5.393
video_3.mp4,390,28.639,3.887
video_3.mp4,391,28.945,3.585
video_3.mp4,392,28.78,5.469
video_3.mp4,393,28.433,3.812
video_3.mp4,394,28.328,5.368
video_3.mp4,395,28.488,4.217
video_3.mp4,396,28.259,4.019
video_3.mp4,397,28.326,4.635
video_3.mp4,398,28.126,3.112
video_3.mp4,399,28.411,3.656
video_3.mp4,400,28.133,5.316
video_3.mp4,401,27.924,4.685
video_3.mp4,402,27.862,4.02
video_3.mp4,403,28.14,3.875
video_3.mp4,404,27.932,5.038
video_3.mp4,405,27.948,4.988
video_3.mp4,406,27.945,6.424
video_3.mp4,407,28.28,3.301
video_3.mp4,408,28.122,5.433
video_3.mp4,409,28.205,5.184
video_3.mp4,410,28.212,6.484
video_3.mp4,411,27.932,4.406
video_3.mp4,412,27.922,4.096
video_3.mp4,413,28.101,5.174
video_3.mp4,414,27.83,3.791
video_3.mp4,415,27.672,5.727
video_3.mp4,416,27.655,4.923
video_3.mp4,417,28.032,6.05
video_3.mp4,418,27.604,5.997
video_3.mp4,419,27.523,3.65
video_3.mp4,420,27.468,4.215
video_3.mp4,421,27.744,3.377
video_3.mp4,422,27.532,6.527
video_3.mp4,423,27.644,5.836
video_3.mp4,424,27.677,5.212
video_3.mp4,425,27.386,4.596
video_3.mp4,426,27.278,7.105
video_3.mp4,427,27.358,5.067
video_3.mp4,428,27.351,6.309
video_3.mp4,429,27.16,4.511
video_3.mp4,430,27.226,6.119
video_3.mp4,431,27.369,6.12
video_3.mp4,432,27.5,5.274
video_3.mp4,433,27.342,3.943
video_3.mp4,434,27.315,4.568
video_3.mp4,435,27.548,6.322
video_3.mp4,436,27.491,6.141
video_3.mp4,437,27.512,5.491
video_3.mp4,438,27.494,6.033
video_3.mp4,439,27.776,5.316
video_3.mp4,440,27.477,4.259
video_3.mp4,441,27.486,5.952
video_3.mp4,442,27.535,4.533
video_3.mp4,443,27.902,3.91
video_3.mp4,444,27.732,4.059
video_3.mp4,445,27.806,3.388
video_3.mp4,446,27.816,5.091
video_3.mp4,447,28.018,3.355
video_3.mp4,448,27.753,5.766
video_3.mp4,449,27.768,3.141
video_3.mp4,450,27.753,5.46
video_3.mp4,451,28.047,5.069
video_3.mp4,452,27.827,4.633
video_3.mp4,453,27.89,4.229
video_3.mp4,454,28.127,3.841
video_3.mp4,455,28.111,3.661
video_3.mp4,456,27.758,5.527
video_3.mp4,457,27.779,4.78
video_3.mp4,458,27.965,2.513
video_3.mp4,459,27.955,5.462
video_3.mp4,460,27.69,3.001
video_3.mp4,461,27.528,5.082
video_3.mp4,462,27.803,6.262
video_3.mp4,463,27.614,2.815
video_3.mp4,464,27.575,5.688
video_3.mp4,465,27.611,5.578
video_3.mp4,466,27.806,6.135
video_3.mp4,467,27.544,5.481
video_3.mp4,468,27.562,4.431
video_3.mp4,469,27.469,5.694
video_3.mp4,470,27.731,6.699
video_3.mp4,471,27.523,5.259
video_3.mp4,472,27.434,4.313
video_3.mp4,473,27.488,6.348
video_3.mp4,474,27.621,3.956
video_3.mp4,475,27.341,5.887
video_3.mp4,476,27.338,3.536
video_3.mp4,477,27.291,6.629
video_3.mp4,478,27.598,5.397
video_3.mp4,479,27.408,4.937
video_3.mp4,480,27.458,6.291
video_3.mp4,481,27.631,3.708
video_3.mp4,482,27.669,6.258
video_3.mp4,483,27.391,4.134
video_3.mp4,484,27.331,5.963
video_3.mp4,485,27.645,5.752
video_3.mp4,486,27.626,5.864
video_3.mp4,487,28.398,4.605
video_3.mp4,488,28.004,4.385
video_3.mp4,489,27.951,4.335
video_3.mp4,490,28.182,5.131
video_3.mp4,491,28.17,6.401
video_3.mp4,492,27.931,4.5
video_3.mp4,493,28.06,3.878
video_3.mp4,494,28.07,3.667
video_3.mp4,495,28.159,4.438
video_3.mp4,496,27.835,3.596
video_3.mp4,497,27.786,4.718
video_3.mp4,498,27.942,5.361
video_3.mp4,499,27.619,3.924
video_3.mp4,500,27.56,5.167
video_3.mp4,501,27.467,3.707
video_3.mp4,502,27.603,3.003
video_3.mp4,503,27.599,3.46
video_3.mp4,504,27.348,5.343
video_3.mp4,505,27.525,5.364
video_3.mp4,506,27.349,5.081
video_3.mp4,507,27.149,3.86
video_3.mp4,508,27.424,2.984
video_3.mp4,509,27.365,4.4
video_3.mp4,510,27.155,5.938
video_3.mp4,511,27.178,4.464
video_3.mp4,512,27.36,3.979
video_3.mp4,513,27.437,3.893
video_3.mp4,514,27.277,5.23
video_3.mp4,515,27.226,4.727
video_3.mp4,516,27.457,3.468
video_3.mp4,517,27.264,3.012
video_3.mp4,518,27.195,3.21
video_3.mp4,519,27.246,4.382
video_3.mp4,520,27.454,4.805
video_3.mp4,521,27.283,3.145
video_3.mp4,522,27.319,3.877
video_3.mp4,523,27.267,5.059
video_3.mp4,524,27.263,5.906
video_3.mp4,525,27.484,3.226
video_3.mp4,526,27.346,5.174
video_3.mp4,527,27.16,5.672
video_3.mp4,528,27.212,7.286
video_3.mp4,529,27.395,7.281
video_3.mp4,530,27.298,3.852
video_3.mp4,531,26.909,5.99
video_3.mp4,532,26.862,5.597
video_3.mp4,533,27.086,4.239
video_3.mp4,534,26.656,2.9
video_3.mp4,535,26.47,3.102
video_3.mp4,536,26.242,4.058
video_3.mp4,537,26.449,2.687
video_3.mp4,538,26.245,2.952
video_3.mp4,539,26.263,4.923
video_3.mp4,540,26.202,3.214
video_3.mp4,541,26.402,5.339
video_3.mp4,542,26.002,5.112
video_3.mp4,543,25.937,2.609
video_3.mp4,544,26.009,6.392
video_3.mp4,545,25.991,5.638
video_3.mp4,546,25.949,3.96
video_3.mp4,547,26.002,4.406
video_3.mp4,548,25.87,2.873
video_3.mp4,549,25.879,2.999
video_3.mp4,550,25.769,3.77
video_3.mp4,551,25.997,3.906
video_3.mp4,552,25.692,2.864
video_3.mp4,553,25.674,2.169
video_3.mp4,554,25.848,4.484
video_3.mp4,555,25.863,4.794
video_3.mp4,556,25.648,4.017
video_3.mp4,557,25.694,5.566
video_3.mp4,558,25.684,5.435
video_3.mp4,559,25.74,3.996
video_3.mp4,560,26.008,3.207
video_3.mp4,561,26.008,2.78
video_3.mp4,562,26.0,3.317
video_3.mp4,563,26.064,3.16
video_3.mp4,564,26.393,4.025
video_3.mp4,565,26.318,2.556
video_3.mp4,566,26.211,4.259
video_3.mp4,567,26.263,3.818
video_3.mp4,568,26.633,5.244
video_3.mp4,569,26.453,3.762
video_3.mp4,570,26.531,4.854
video_3.mp4,571,26.536,5.151
video_3.mp4,572,26.464,2.666
video_3.mp4,573,26.528,2.856
video_3.mp4,574,26.625,3.187
video_3.mp4,575,26.513,5.145
video_3.mp4,576,26.625,4.439
video_3.mp4,577,26.505,4.046
video_3.mp4,578,26.747,4.739
video_3.mp4,579,26.621,4.326
video_3.mp4,580,26.666,4.847
video_3.mp4,581,26.815,4.073
video_3.mp4,582,27.027,3.096
video_3.mp4,583,26.768,3.925
video_3.mp4,584,26.785,4.859
video_3.mp4,585,26.658,4.728
video_3.mp4,586,26.955,3.774
video_3.mp4,587,26.684,2.833
video_3.mp4,588,26.626,4.548
video_3.mp4,589,26.899,5.396
video_3.mp4,590,26.834,4.54
video_3.mp4,591,26.462,3.597
video_3.mp4,592,26.681,2.765
video_3.mp4,593,26.79,4.471
video_3.mp4,594,26.778,4.71
video_3.mp4,595,26.468,2.81
video_3.mp4,596,26.488,2.827
video_3.mp4,597,26.762,3.81
video_3.mp4,598,26.422,3.094
video_3.mp4,599,26.569,4.489
video_3.mp4,600,26.39,2.436
video_3.mp4,601,26.489,4.48
video_3.mp4,602,26.659,4.004
video_3.mp4,603,26.886,3.831
video_3.mp4,604,26.809,3.814
video_3.mp4,605,26.672,3.042
video_3.mp4,606,26.901,2.825
video_3.mp4,607,26.863,3.202
video_3.mp4,608,26.781,3.92
video_3.mp4,609,26.704,3.406
video_3.mp4,610,26.968,3.217
video_3.mp4,611,27.048,2.953
video_3.mp4,612,26.826,4.285
video_3.mp4,613,27.132,3.031
video_3.mp4,614,26.899,2.779
video_3.mp4,615,26.912,3.312
video_3.mp4,616,27.122,3.246
video_3.mp4,617,27.085,5.099
video_3.mp4,618,26.818,2.697
video_3.mp4,619,26.854,2.681
video_3.mp4,620,26.921,2.806
video_3.mp4,621,27.022,3.787
video_3.mp4,622,26.827,3.092
video_3.mp4,623,26.71,3.166
video_3.mp4,624,27.622,3.598
video_3.mp4,625,27.171,3.633
video_3.mp4,626,27.268,2.856
video_3.mp4,627,27.265,3.582
video_3.mp4,628,27.226,3.236
video_3.mp4,629,27.264,4.04
video_3.mp4,630,27.127,4.286
video_3.mp4,631,27.149,2.569
video_3.mp4,632,27.197,2.664
video_3.mp4,633,27.17,4.16
video_3.mp4,634,27.094,3.149
video_3.mp4,635,27.202,4.812
video_3.mp4,636,27.211,3.5
video_3.mp4,637,27.154,3.415
video_3.mp4,638,27.18,2.785
video_3.mp4,639,27.014,4.494
video_3.mp4,640,26.974,3.761
video_3.mp4,641,27.087,3.765
video_3.mp4,642,27.279,2.997
video_3.mp4,643,27.546,3.821
video_3.mp4,644,27.406,3.559
video_3.mp4,645,27.306,3.338
video_3.mp4,646,27.339,3.359
video_3.mp4,647,27.28,3.027
video_3.mp4,648,27.128,4.28
video_3.mp4,649,27.045,3.228
video_3.mp4,650,27.202,4.115
video_3.mp4,651,27.355,3.938
video_3.mp4,652,26.996,3.579
video_3.mp4,653,27.141,3.915
video_3.mp4,654,26.987,4.144
video_3.mp4,655,26.927,3.843
video_3.mp4,656,26.895,5.909
video_3.mp4,657,26.579,5.258
video_3.mp4,658,26.554,3.921
video_3.mp4,659,26.494,4.578
video_3.mp4,660,26.582,4.583
video_3.mp4,661,26.547,3.865
video_3.mp4,662,26.763,4.379
video_3.mp4,663,26.836,5.35
video_3.mp4,664,26.856,5.97
video_3.mp4,665,26.813,4.712
video_3.mp4,666,26.574,5.609
video_3.mp4,667,26.661,5.045
video_3.mp4,668,26.637,5.187
video_3.mp4,669,26.626,6.634
video_3.mp4,670,26.679,4.786
video_3.mp4,671,26.93,5.633
video_3.mp4,672,26.867,4.854
video_3.mp4,673,26.984,4.209
video_3.mp4,674,26.982,4.861
video_3.mp4,675,26.84,4.933
video_3.mp4,676,26.994,5.199
video_3.mp4,677,26.849,3.805
video_3.mp4,678,26.909,3.677
video_3.mp4,679,26.77,4.727
video_3.mp4,680,26.966,4.397
video_3.mp4,681,26.684,4.415
video_3.mp4,682,26.894,4.569
video_3.mp4,683,27.016,3.633
video_3.mp4,684,27.052,3.767
video_3.mp4,685,26.725,3.103
video_3.mp4,686,26.733,3.657
video_3.mp4,687,27.007,3.232
video_3.mp4,688,26.714,3.039
video_3.mp4,689,27.067,3.659
video_3.mp4,690,26.964,4.073
video_3.mp4,691,26.993,3.534
video_3.mp4,692,27.188,4.279
video_3.mp4,693,27.597,6.024
video_3.mp4,694,27.67,6.27
video_3.mp4,695,27.753,5.737
video_3.mp4,696,27.695,3.564
video_3.mp4,697,27.859,4.295
video_3.mp4,698,28.156,5.282
video_3.mp4,699,27.938,5.638
video_3.mp4,700,27.941,3.847
video_3.mp4,701,28.177,4.692
video_3.mp4,702,27.883,5.156
video_3.mp4,703,28.138,3.831
video_3.mp4,704,27.812,4.777
video_3.mp4,705,27.846,3.874
video_3.mp4,706,27.821,4.381
video_3.mp4,707,28.149,4.059
video_3.mp4,708,27.928,4.948
video_3.mp4,709,27.92,4.169
video_3.mp4,710,28.184,3.887
video_3.mp4,711,28.026,4.631
video_3.mp4,712,27.77,4.18
video_3.mp4,713,27.82,4.555
video_3.mp4,714,28.226,3.629
video_3.mp4,715,28.121,4.513
video_3.mp4,716,28.066,5.409
video_3.mp4,717,28.173,4.514
video_3.mp4,718,28.261,4.569
video_3.mp4,719,28.247,4.291
video_3.mp4,720,27.894,5.408
video_3.mp4,721,27.797,3.523
video_3.mp4,722,28.034,4.171
video_3.mp4,723,27.709,3.438
video_3.mp4,724,27.581,4.465
video_3.mp4,725,27.789,4.995
video_3.mp4,726,27.451,3.33
video_3.mp4,727,27.39,2.912
video_3.mp4,728,27.528,6.617
video_3.mp4,729,27.154,5.27
video_3.mp4,730,27.401,4.812
video_3.mp4,731,27.163,4.299
video_3.mp4,732,27.285,3.671
video_3.mp4,733,27.228,3.91
video_3.mp4,734,27.502,3.058
video_3.mp4,735,27.265,4.747
video_3.mp4,736,27.338,3.903
video_3.mp4,737,27.491,3.195
video_3.mp4,738,27.531,3.663
video_3.mp4,739,27.199,4.32
video_3.mp4,740,27.169,2.458
video_3.mp4,741,27.354,2.752
video_3.mp4,742,27.292,2.867
video_3.mp4,743,27.107,4.72
video_3.mp4,744,27.113,4.305
video_3.mp4,745,27.313,2.438
video_3.mp4,746,27.427,4.951
video_3.mp4,747,27.225,4.914
video_3.mp4,748,27.481,4.065
video_3.mp4,749,27.242,3.169
video_3.mp4,750,27.255,3.079
video_3.mp4,751,27.097,2.635
video_3.mp4,752,27.187,5.033
video_3.mp4,753,26.929,3.191
video_3.mp4,754,26.909,4.078
video_3.mp4,755,27.134,3.246
video_3.mp4,756,27.288,3.299
video_3.mp4,757,26.982,4.316
video_3.mp4,758,26.897,3.081
video_3.mp4,759,27.073,3.122
video_3.mp4,760,26.938,3.729
video_3.mp4,761,27.468,3.723
video_3.mp4,762,27.592,3.126
video_3.mp4,763,27.299,2.776
video_3.mp4,764,27.333,2.745
video_3.mp4,765,27.379,3.372
video_3.mp4,766,27.76,4.161
video_3.mp4,767,27.493,4.401
video_3.mp4,768,27.609,2.89
video_3.mp4,769,27.638,3.548
video_3.mp4,770,27.764,5.711
video_3.mp4,771,27.776,4.312
video_3.mp4,772,27.839,3.755
video_3.mp4,773,27.937,3.765
video_3.mp4,774,27.828,3.935
video_3.mp4,775,28.143,3.299
video_3.mp4,776,27.945,3.632
video_3.mp4,777,27.945,4.142
video_3.mp4,778,27.848,6.21
video_3.mp4,779,27.795,4.587
video_3.mp4,780,27.844,5.205
video_3.mp4,781,27.707,2.896
video_3.mp4,782,27.647,5.225
video_3.mp4,783,27.355,3.92
video_3.mp4,784,27.488,3.269
video_3.mp4,785,27.189,4.879
video_3.mp4,786,27.126,4.722
video_3.mp4,787,27.453,4.694
video_3.mp4,788,27.523,5.029
video_3.mp4,789,27.219,2.64
video_3.mp4,790,27.237,3.779
video_3.mp4,791,27.305,2.89
video_3.mp4,792,27.29,4.164
video_3.mp4,793,26.951,4.352
video_3.mp4,794,26.879,2.803
video_3.mp4,795,27.168,3.878
video_3.mp4,796,27.098,4.072
video_3.mp4,797,26.883,3.589
video_3.mp4,798,26.884,3.897
video_3.mp4,799,27.006,2.957
video_3.mp4,800,27.043,2.679
video_3.mp4,801,26.698,4.53
video_3.mp4,802,26.906,3.027
video_3.mp4,803,26.598,4.552
video_3.mp4,804,26.579,5.129
video_3.mp4,805,26.45,4.852
video_3.mp4,806,26.586,5.238
video_3.mp4,807,26.376,2.771
video_3.mp4,808,26.44,3.839
video_3.mp4,809,26.556,4.897
video_3.mp4,810,26.669,3.093
video_3.mp4,811,26.519,3.2
video_3.mp4,812,26.429,3.072
video_3.mp4,813,26.76,2.796
video_3.mp4,814,26.743,3.014
video_3.mp4,815,26.534,3.348
video_3.mp4,816,26.604,2.371
video_3.mp4,817,26.584,3.562
video_3.mp4,818,26.443,2.844
video_3.mp4,819,26.346,5.506
video_3.mp4,820,26.266,2.803
video_3.mp4,821,26.577,2.945
video_3.mp4,822,26.306,3.893
video_3.mp4,823,26.233,3.004
video_3.mp4,824,26.28,3.821
video_3.mp4,825,26.382,4.015
video_3.mp4,826,26.268,4.864
video_3.mp4,827,26.233,5.05
video_3.mp4,828,26.158,5.412
video_3.mp4,829,26.336,3.287
video_3.mp4,830,26.251,3.562
video_3.mp4,831,26.255,3.437
video_3.mp4,832,26.185,5.37
video_3.mp4,833,26.362,1.718
video_3.mp4,834,26.206,5.649
video_3.mp4,835,26.341,3.064
video_3.mp4,836,26.423,2.246
video_3.mp4,837,26.609,2.635
video_3.mp4,838,26.395,2.29
video_3.mp4,839,26.285,4.064
video_3.mp4,840,26.527,5.483
video_3.mp4,841,26.562,4.989
video_3.mp4,842,26.299,5.67
video_3.mp4,843,26.329,2.526
video_3.mp4,844,26.526,4.585
video_3.mp4,845,26.344,5.282
video_3.mp4,846,26.423,3.325
video_3.mp4,847,26.426,4.169
video_3.mp4,848,26.725,5.257
video_3.mp4,849,26.51,4.428
video_3.mp4,850,26.41,4.071
video_3.mp4,851,26.546,2.696
video_3.mp4,852,26.691,2.841
video_3.mp4,853,26.661,3.807
video_3.mp4,854,26.647,2.55
video_3.mp4,855,26.596,2.482
video_3.mp4,856,26.862,2.496
video_3.mp4,857,26.554,3.296
video_3.mp4,858,26.844,4.05
video_3.mp4,859,26.482,2.916
video_3.mp4,860,26.545,4.583
video_3.mp4,861,26.893,4.022
video_3.mp4,862,26.569,2.343
video_3.mp4,863,26.601,3.811
video_3.mp4,864,26.586,3.372
video_3.mp4,865,26.84,3.509
video_3.mp4,866,26.642,4.385
video_3.mp4,867,26.67,3.365
video_3.mp4,868,26.696,3.959
video_3.mp4,869,26.918,2.591
video_3.mp4,870,26.707,2.128
video_3.mp4,871,26.85,4.034
video_3.mp4,872,27.076,2.592
video_3.mp4,873,27.028,3.295
video_3.mp4,874,26.783,2.139
video_3.mp4,875,26.753,3.974
video_3.mp4,876,26.959,2.603
video_3.mp4,877,26.863,3.754
video_3.mp4,878,26.622,3.592
video_3.mp4,879,26.792,3.8
video_3.mp4,880,26.957,2.922
video_3.mp4,881,26.961,3.894
video_3.mp4,882,26.748,4.49
video_3.mp4,883,26.96,4.88
video_3.mp4,884,26.782,5.41
video_3.mp4,885,26.753,3.035
video_3.mp4,886,26.844,3.768
video_3.mp4,887,26.967,3.108
video_3.mp4,888,26.681,3.728
video_3.mp4,889,26.775,3.717
video_3.mp4,890,26.995,3.556
video_3.mp4,891,27.231,4.33
video_3.mp4,892,26.923,3.323
video_3.mp4,893,26.902,2.961
video_3.mp4,894,27.125,3.475
video_3.mp4,895,27.04,3.689
video_3.mp4,896,26.695,3.299
video_3.mp4,897,27.002,4.173
video_3.mp4,898,27.711,2.979
video_3.mp4,899,27.714,3.703
video_3.mp4,900,27.758,4.153
video_3.mp4,901,27.424,4.062
video_3.mp4,902,27.402,4.443
video_3.mp4,903,27.704,2.977
video_3.mp4,904,27.715,3.88
video_3.mp4,905,27.464,3.291
video_3.mp4,906,27.629,3.147
video_3.mp4,907,27.569,3.226
video_3.mp4,908,27.69,4.68
video_3.mp4,909,27.391,3.949
video_3.mp4,910,27.381,4.526
video_3.mp4,911,27.384,3.447
video_3.mp4,912,27.34,4.089
video_3.mp4,913,27.409,2.79
video_3.mp4,914,27.392,4.075
video_3.mp4,915,27.683,2.702
video_3.mp4,916,27.429,2.303
video_3.mp4,917,27.406,3.996
video_3.mp4,918,27.39,4.127
video_3.mp4,919,27.46,4.155
video_3.mp4,920,27.516,2.415
video_3.mp4,921,27.832,3.106
video_3.mp4,922,27.791,3.026
video_3.mp4,923,27.547,3.096
video_3.mp4,924,27.675,2.438
video_3.mp4,925,27.759,2.377
video_3.mp4,926,27.495,2.342
video_3.mp4,927,27.517,3.775
video_3.mp4,928,27.554,4.228
video_3.mp4,929,27.759,2.521
video_3.mp4,930,27.442,4.099
video_3.mp4,931,27.42,2.713
video_3.mp4,932,27.59,2.19
video_3.mp4,933,27.827,2.286
video_3.mp4,934,27.73,2.856
video_3.mp4,935,27.922,2.472
video_3.mp4,936,27.715,3.175
video_3.mp4,937,27.926,3.551
video_3.mp4,938,27.694,3.675
video_3.mp4,939,27.715,2.517
video_3.mp4,940,27.653,3.004
video_3.mp4,941,27.966,4.679
video_3.mp4,942,27.716,2.189
video_3.mp4,943,27.816,4.169
video_3.mp4,944,28.022,3.473
video_3.mp4,945,27.787,3.885
video_3.mp4,946,28.042,4.835
video_3.mp4,947,27.737,3.165
video_3.mp4,948,27.688,3.529
video_3.mp4,949,27.897,2.231
video_3.mp4,950,27.664,2.661
video_3.mp4,951,27.621,3.734
video_3.mp4,952,27.911,2.9
video_3.mp4,953,27.761,4.9
video_3.mp4,954,27.727,5.429
video_3.mp4,955,27.934,3.582
video_3.mp4,956,27.905,3.511
video_3.mp4,957,28.001,3.136
video_3.mp4,958,28.054,3.692
video_3.mp4,959,28.362,4.339
video_3.mp4,960,28.458,3.014
video_3.mp4,961,28.444,3.349
video_3.mp4,962,28.526,2.837
video_3.mp4,963,28.641,6.186
video_3.mp4,964,28.368,4.615
video_3.mp4,965,28.617,3.18
video_3.mp4,966,28.432,5.044
video_3.mp4,967,28.719,5.568
video_3.mp4,968,28.675,4.558
video_3.mp4,969,28.601,5.531
video_3.mp4,970,28.647,3.23
video_3.mp4,971,28.639,2.963
video_3.mp4,972,28.439,5.037
video_3.mp4,973,28.586,3.162
video_3.mp4,974,28.267,2.821
video_3.mp4,975,28.021,4.636
video_3.mp4,976,28.206,4.774
video_3.mp4,977,28.606,5.446
video_3.mp4,978,28.093,2.684
video_3.mp4,979,27.743,5.193
video_3.mp4,980,28.129,4.386
video_3.mp4,981,28.018,3.229
video_3.mp4,982,27.287,4.133
video_3.mp4,983,27.693,3.578
video_3.mp4,984,27.559,3.58
video_3.mp4,985,27.617,4.641
video_3.mp4,986,27.746,3.137
video_3.mp4,987,27.829,3.542
video_3.mp4,988,27.83,3.418
video_3.mp4,989,27.625,2.688
video_3.mp4,990,27.381,4.333
video_3.mp4,991,27.045,2.842
video_3.mp4,992,27.296,4.135
video_3.mp4,993,27.207,3.879
video_3.mp4,994,27.183,3.066
video_3.mp4,995,27.369,3.469
video_3.mp4,996,27.451,3.364
video_3.mp4,997,27.251,2.547
video_3.mp4,998,27.284,3.26
video_3.mp4,999,27.052,4.597
video_3.mp4,1000,27.332,3.082
video_3.mp4,1001,26.978,3.24
video_3.mp4,1002,26.94,3.476
video_3.mp4,1003,27.144,3.237
video_3.mp4,1004,27.099,2.78
video_3.mp4,1005,26.898,3.448
video_3.mp4,1006,26.843,4.986
video_3.mp4,1007,26.998,3.154
video_3.mp4,1008,26.811,4.097
video_3.mp4,1009,26.501,3.176
video_3.mp4,1010,26.44,2.864
video_3.mp4,1011,26.583,2.927
video_3.mp4,1012,26.548,3.297
video_3.mp4,1013,26.532,2.395
video_3.mp4,1014,26.755,3.009
video_3.mp4,1015,26.503,3.008
video_3.mp4,1016,26.583,3.814
video_3.mp4,1017,26.604,3.658
video_3.mp4,1018,26.576,2.791
video_3.mp4,1019,26.625,3.612
video_3.mp4,1020,26.753,3.326
video_3.mp4,1021,26.717,4.622
video_3.mp4,1022,26.974,3.785
video_3.mp4,1023,26.667,2.902
video_3.mp4,1024,26.621,3.678
video_3.mp4,1025,26.791,3.01
video_3.mp4,1026,26.633,2.949
video_3.mp4,1027,26.342,2.445
video_3.mp4,1028,26.251,2.323
video_3.mp4,1029,26.436,2.853
video_3.mp4,1030,26.35,3.016
video_3.mp4,1031,26.01,2.277
video_3.mp4,1032,26.065,2.616
video_3.mp4,1033,26.155,2.851
video_3.mp4,1034,26.004,2.536
video_3.mp4,1035,26.397,3.066
video_3.mp4,1036,26.468,2.785
video_3.mp4,1037,26.469,2.617
video_3.mp4,1038,26.797,2.892
video_3.mp4,1039,26.72,2.684
video_3.mp4,1040,26.529,2.631
video_3.mp4,1041,26.593,3.423
video_3.mp4,1042,26.782,2.698
video_3.mp4,1043,26.536,2.483
video_3.mp4,1044,26.353,2.678
video_3.mp4,1045,26.531,2.398
video_3.mp4,1046,26.352,2.895
video_3.mp4,1047,26.585,2.478
video_3.mp4,1048,26.559,3.567
video_3.mp4,1049,26.345,2.997
video_3.mp4,1050,26.356,3.542
video_3.mp4,1051,26.47,2.517
video_3.mp4,1052,26.287,2.895
video_3.mp4,1053,26.07,2.697
video_3.mp4,1054,26.077,2.364
video_3.mp4,1055,26.285,3.852
video_3.mp4,1056,26.092,2.477
video_3.mp4,1057,26.359,2.402
video_3.mp4,1058,26.153,2.99
video_3.mp4,1059,26.011,2.661
video_3.mp4,1060,26.227,3.204
video_3.mp4,1061,26.04,2.793
video_3.mp4,1062,26.253,3.048
video_3.mp4,1063,25.993,2.575
video_3.mp4,1064,25.781,2.345
video_3.mp4,1065,26.09,2.632
video_3.mp4,1066,26.132,3.288
video_3.mp4,1067,25.718,3.021
video_3.mp4,1068,25.666,1.938
video_3.mp4,1069,25.826,1.976
video_3.mp4,1070,25.597,2.681
video_3.mp4,1071,25.809,2.192
video_3.mp4,1072,25.701,2.178
video_3.mp4,1073,25.632,3.251
video_3.mp4,1074,25.512,2.21
video_3.mp4,1075,25.7,2.672
video_3.mp4,1076,26.072,5.142
video_3.mp4,1077,25.747,4.896
video_3.mp4,1078,26.056,4.504
video_3.mp4,1079,25.812,3.237
video_3.mp4,1080,25.756,2.874
video_3.mp4,1081,25.783,2.995
video_3.mp4,1082,25.969,2.059
video_3.mp4,1083,25.932,3.058
video_3.mp4,1084,25.873,4.474
video_3.mp4,1085,26.042,3.779
video_3.mp4,1086,26.276,3.543
video_3.mp4,1087,26.368,2.204
video_3.mp4,1088,26.148,3.771
video_3.mp4,1089,26.586,2.364
video_3.mp4,1090,26.853,5.096
video_3.mp4,1091,26.829,5.199
video_3.mp4,1092,27.196,3.444
video_3.mp4,1093,26.888,4.842
video_3.mp4,1094,26.951,2.426
video_3.mp4,1095,27.18,2.839
video_3.mp4,1096,27.243,3.273
video_3.mp4,1097,27.518,3.493
video_3.mp4,1098,26.751,5.454
video_3.mp4,1099,27.137,4.04
video_3.mp4,1100,27.575,2.486
video_3.mp4,1101,27.107,2.646
video_3.mp4,1102,27.382,4.402
video_3.mp4,1103,27.23,2.708
video_3.mp4,1104,27.268,2.744
video_3.mp4,1105,27.25,2.99
video_3.mp4,1106,27.369,4.673
video_3.mp4,1107,26.956,3.009
video_3.mp4,1108,27.042,3.565
video_3.mp4,1109,26.844,3.177
video_3.mp4,1110,27.102,2.437
video_3.mp4,1111,27.27,3.562
video_3.mp4,1112,27.012,2.873
video_3.mp4,1113,27.288,2.799
video_3.mp4,1114,27.33,2.238
video_3.mp4,1115,27.137,5.03
video_3.mp4,1116,27.16,4.008
video_3.mp4,1117,27.866,3.832
video_3.mp4,1118,27.871,2.5
video_3.mp4,1119,28.073,2.632
video_3.mp4,1120,28.232,3.319
video_3.mp4,1121,27.85,2.458
video_3.mp4,1122,27.779,1.917
video_3.mp4,1123,28.008,2.368
video_3.mp4,1124,27.645,3.006
video_3.mp4,1125,27.672,2.956
video_3.mp4,1126,27.998,2.933
video_3.mp4,1127,27.898,3.987
video_3.mp4,1128,27.998,2.705
video_3.mp4,1129,28.044,4.205
video_3.mp4,1130,28.258,3.144
video_3.mp4,1131,27.99,3.324
video_3.mp4,1132,28.106,4.283
video_3.mp4,1133,28.279,4.383
video_3.mp4,1134,28.436,5.173
video_3.mp4,1135,28.446,5.087
video_3.mp4,1136,28.316,3.542
video_3.mp4,1137,28.58,3.329
video_3.mp4,1138,28.508,4.642
video_3.mp4,1139,28.249,3.647
video_3.mp4,1140,28.47,4.524
video_3.mp4,1141,28.632,3.879
video_3.mp4,1142,28.589,4.084
video_3.mp4,1143,28.217,3.382
video_3.mp4,1144,28.225,3.118
video_3.mp4,1145,28.516,3.573
video_3.mp4,1146,28.206,3.772
video_3.mp4,1147,28.287,4.3
video_3.mp4,1148,28.501,4.439
video_3.mp4,1149,28.631,3.453
video_3.mp4,1150,28.712,3.561
video_3.mp4,1151,28.34,4.185
video_3.mp4,1152,28.311,3.064
video_3.mp4,1153,28.553,3.03
video_3.mp4,1154,28.435,3.233
video_3.mp4,1155,28.358,5.042
video_3.mp4,1156,28.308,3.788
video_3.mp4,1157,28.536,3.913
video_3.mp4,1158,28.239,3.085
video_3.mp4,1159,28.246,3.916
video_3.mp4,1160,28.237,4.121
video_3.mp4,1161,28.504,4.487
video_3.mp4,1162,28.135,3.153
video_3.mp4,1163,28.257,3.963
video_3.mp4,1164,28.227,4.865
video_3.mp4,1165,28.116,4.753
video_3.mp4,1166,28.194,6.499
video_3.mp4,1167,27.729,4.106
video_3.mp4,1168,27.779,3.746
video_3.mp4,1169,27.407,4.732
video_3.mp4,1170,27.534,3.916
video_3.mp4,1171,28.453,6.119
video_3.mp4,1172,27.911,4.401
video_3.mp4,1173,27.718,5.91
video_3.mp4,1174,27.847,5.889
video_3.mp4,1175,27.928,3.578
video_3.mp4,1176,27.52,4.512
video_3.mp4,1177,27.665,3.445
video_3.mp4,1178,27.809,4.966
video_3.mp4,1179,27.664,5.274
video_3.mp4,1180,27.858,3.263
video_3.mp4,1181,27.748,5.42
video_3.mp4,1182,27.787,5.963
video_3.mp4,1183,27.995,3.363
video_3.mp4,1184,28.001,6.444
video_3.mp4,1185,27.659,3.839
video_3.mp4,1186,27.796,4.341
video_3.mp4,1187,27.534,5.041
video_3.mp4,1188,27.926,4.25
video_3.mp4,1189,27.58,3.594
video_3.mp4,1190,27.644,4.287
video_3.mp4,1191,27.756,5.231
video_3.mp4,1192,27.773,5.988
video_3.mp4,1193,27.759,3.196
video_3.mp4,1194,27.576,5.268
video_3.mp4,1195,27.421,4.812
video_3.mp4,1196,27.164,5.607
video_3.mp4,1197,27.411,3.7
video_3.mp4,1198,27.149,3.16
video_3.mp4,1199,27.051,3.151
video_3.mp4,1200,27.259,3.696
video_3.mp4,1201,27.164,4.746
video_3.mp4,1202,27.127,3.27
video_3.mp4,1203,27.02,3.243
video_3.mp4,1204,26.931,4.77
video_3.mp4,1205,27.014,4.764
video_3.mp4,1206,26.899,3.938
video_3.mp4,1207,26.656,4.518
video_3.mp4,1208,26.585,4.161
video_3.mp4,1209,26.484,2.87
video_3.mp4,1210,26.661,4.284
video_3.mp4,1211,26.6,2.532
video_3.mp4,1212,26.483,4.349
video_3.mp4,1213,26.446,4.96
video_3.mp4,1214,26.197,4.227
video_3.mp4,1215,26.247,3.656
video_3.mp4,1216,26.174,2.523
video_3.mp4,1217,26.166,5.047
video_3.mp4,1218,26.132,4.78
video_3.mp4,1219,26.391,2.78
video_3.mp4,1220,26.503,3.357
video_3.mp4,1221,26.567,2.507
video_3.mp4,1222,26.627,3.524
video_3.mp4,1223,26.418,4.557
video_3.mp4,1224,26.525,2.549
video_3.mp4,1225,26.363,4.196
video_3.mp4,1226,26.457,3.265
video_3.mp4,1227,26.483,3.455
video_3.mp4,1228,26.681,3.814
video_3.mp4,1229,26.726,3.351
video_3.mp4,1230,26.742,5.933
video_3.mp4,1231,26.782,6.221
video_3.mp4,1232,26.682,3.188
video_3.mp4,1233,26.629,3.594
video_3.mp4,1234,26.833,2.935
video_3.mp4,1235,26.569,3.49
video_3.mp4,1236,26.652,3.355
video_3.mp4,1237,26.596,2.335
video_3.mp4,1238,26.701,2.517
video_3.mp4,1239,26.955,2.977
video_3.mp4,1240,26.816,3.907
video_3.mp4,1241,26.933,6.691
video_3.mp4,1242,27.053,4.132
video_3.mp4,1243,27.452,3.379
video_3.mp4,1244,27.334,5.871
video_3.mp4,1245,27.323,4.408
video_3.mp4,1246,27.616,3.258
video_3.mp4,1247,27.56,5.112
video_3.mp4,1248,27.635,5.143
video_3.mp4,1249,27.686,5.289
video_3.mp4,1250,27.492,3.757
video_3.mp4,1251,27.944,4.399
video_3.mp4,1252,27.455,3.888
video_3.mp4,1253,27.651,3.919
video_3.mp4,1254,27.868,3.958
video_3.mp4,1255,27.858,5.172
video_3.mp4,1256,27.496,3.712
video_3.mp4,1257,27.412,3.386
video_3.mp4,1258,27.523,2.948
video_3.mp4,1259,27.501,5.675
video_3.mp4,1260,27.337,3.852
video_3.mp4,1261,27.439,3.819
video_3.mp4,1262,27.577,4.938
video_3.mp4,1263,27.89,3.197
video_3.mp4,1264,27.738,5.129
video_3.mp4,1265,27.601,3.611
video_3.mp4,1266,27.677,5.09
video_3.mp4,1267,27.841,3.586
video_3.mp4,1268,27.951,4.955
video_3.mp4,1269,27.686,4.149
video_3.mp4,1270,27.553,3.225
video_3.mp4,1271,27.893,3.072
video_3.mp4,1272,27.508,4.59
video_3.mp4,1273,27.687,3.515
video_3.mp4,1274,27.582,5.567
video_3.mp4,1275,27.671,3.983
video_3.mp4,1276,27.692,3.844
video_3.mp4,1277,27.75,4.334
video_3.mp4,1278,27.488,3.244
video_3.mp4,1279,27.388,4.248
video_3.mp4,1280,27.416,4.539
video_3.mp4,1281,27.756,3.366
video_3.mp4,1282,27.657,3.67
video_3.mp4,1283,27.349,3.659
video_3.mp4,1284,27.425,4.584
video_3.mp4,1285,27.584,2.938
video_3.mp4,1286,27.463,4.497
video_3.mp4,1287,27.361,3.444
video_3.mp4,1288,27.603,2.939
video_3.mp4,1289,27.324,2.945
video_3.mp4,1290,27.328,3.422
video_3.mp4,1291,27.375,4.423
video_3.mp4,1292,27.56,5.371
video_3.mp4,1293,27.276,3.565
video_3.mp4,1294,27.273,2.919
video_3.mp4,1295,27.469,4.494
video_3.mp4,1296,27.77,3.167
video_3.mp4,1297,27.384,3.306
video_3.mp4,1298,27.328,2.998
video_3.mp4,1299,27.756,2.893
video_3.mp4,1300,27.722,3.48
video_3.mp4,1301,27.417,4.389
video_3.mp4,1302,27.434,3.665
video_3.mp4,1303,27.619,2.732
video_3.mp4,1304,27.749,3.987
video_3.mp4,1305,27.546,2.793
video_3.mp4,1306,27.461,4.367
video_3.mp4,1307,27.593,2.95
video_3.mp4,1308,28.398,5.939
video_3.mp4,1309,28.226,3.659
video_3.mp4,1310,27.849,5.12
video_3.mp4,1311,27.837,5.771
video_3.mp4,1312,28.012,2.712
video_3.mp4,1313,27.951,3.387
video_3.mp4,1314,27.625,4.711
video_3.mp4,1315,27.722,3.36
video_3.mp4,1316,28.132,2.819
video_3.mp4,1317,27.752,2.857
video_3.mp4,1318,27.816,2.772
video_3.mp4,1319,27.707,3.709
video_3.mp4,1320,27.943,2.715
video_3.mp4,1321,27.81,3.888
video_3.mp4,1322,27.993,3.746
video_3.mp4,1323,27.96,4.049
video_3.mp4,1324,28.38,5.404
video_3.mp4,1325,28.183,3.952
video_3.mp4,1326,28.324,4.751
video_3.mp4,1327,28.418,3.791
video_3.mp4,1328,28.424,3.945
video_3.mp4,1329,28.131,3.605
video_3.mp4,1330,28.276,3.976
video_3.mp4,1331,28.202,4.363
video_3.mp4,1332,27.89,5.944
video_3.mp4,1333,27.858,3.479
video_3.mp4,1334,28.523,4.521
video_3.mp4,1335,28.296,4.599
video_3.mp4,1336,28.316,4.627
video_3.mp4,1337,28.271,5.355
video_3.mp4,1338,28.106,4.509
video_3.mp4,1339,28.041,3.754
video_3.mp4,1340,27.902,4.617
video_3.mp4,1341,28.017,5.272
video_3.mp4,1342,28.214,6.011
video_3.mp4,1343,28.844,3.759
video_3.mp4,1344,28.37,4.639
video_3.mp4,1345,28.62,4.598
video_3.mp4,1346,28.195,3.623
video_3.mp4,1347,28.029,3.364
video_3.mp4,1348,28.002,3.28
video_3.mp4,1349,28.107,4.912
video_3.mp4,1350,27.884,3.491
video_3.mp4,1351,27.716,3.465
video_3.mp4,1352,27.788,3.686
video_3.mp4,1353,27.876,3.257
video_3.mp4,1354,27.857,4.618
video_3.mp4,1355,28.323,4.732
video_3.mp4,1356,28.051,3.736
video_3.mp4,1357,27.476,3.417
video_3.mp4,1358,27.52,4.514
video_3.mp4,1359,27.62,3.936
video_3.mp4,1360,27.081,3.511
video_3.mp4,1361,26.802,3.692
video_3.mp4,1362,27.422,4.878
video_3.mp4,1363,27.453,3.729
video_3.mp4,1364,27.249,4.792
video_3.mp4,1365,27.481,3.431
video_3.mp4,1366,27.173,6.387
video_3.mp4,1367,27.16,4.774
video_3.mp4,1368,26.877,3.136
video_3.mp4,1369,26.677,2.995
video_3.mp4,1370,26.63,4.17
video_3.mp4,1371,26.463,5.347
video_3.mp4,1372,26.26,2.959
video_3.mp4,1373,26.275,3.349
video_3.mp4,1374,26.27,2.967
video_3.mp4,1375,26.096,3.812
video_3.mp4,1376,26.112,4.77
video_3.mp4,1377,26.025,4.085
video_3.mp4,1378,25.822,3.951
video_3.mp4,1379,25.789,2.899
video_3.mp4,1380,25.753,3.787
video_3.mp4,1381,25.809,3.645
video_3.mp4,1382,25.751,3.521
video_3.mp4,1383,25.722,5.914
video_3.mp4,1384,25.6,3.604
video_3.mp4,1385,25.449,4.105
video_3.mp4,1386,25.483,3.362
video_3.mp4,1387,25.453,3.142
video_3.mp4,1388,25.384,2.404
video_3.mp4,1389,25.323,2.756
video_3.mp4,1390,25.507,2.999
video_3.mp4,1391,25.497,3.552
video_3.mp4,1392,25.365,2.722
video_3.mp4,1393,25.408,2.839
video_3.mp4,1394,25.103,4.122
video_3.mp4,1395,25.156,2.823
video_3.mp4,1396,25.146,2.74
video_3.mp4,1397,25.336,3.789
video_3.mp4,1398,25.451,3.375
video_3.mp4,1399,25.502,3.914
video_3.mp4,1400,25.575,2.889
video_3.mp4,1401,25.58,5.024
video_3.mp4,1402,25.519,3.571
video_3.mp4,1403,25.448,4.051
video_3.mp4,1404,25.783,3.985
video_3.mp4,1405,25.573,3.288
video_3.mp4,1406,25.602,4.506
video_3.mp4,1407,25.882,4.041
video_3.mp4,1408,25.916,3.781
video_3.mp4,1409,25.989,3.551
video_3.mp4,1410,25.734,3.05
video_3.mp4,1411,25.864,3.338
video_3.mp4,1412,25.81,3.334
video_3.mp4,1413,25.822,2.868
video_3.mp4,1414,25.612,3.338
video_3.mp4,1415,25.814,4.671
video_3.mp4,1416,26.02,4.294
video_3.mp4,1417,26.027,3.19
video_3.mp4,1418,26.041,3.9
video_3.mp4,1419,26.047,4.524
video_3.mp4,1420,26.051,3.005
video_3.mp4,1421,0.0,27.679
video_3.mp4,1422,0.0,0.0
video_3.mp4,1423,0.0,0.0
video_3.mp4,1424,0.0,0.0
video_3.mp4,1425,0.0,0.0
video_3.mp4,1426,0.0,0.0
video_3.mp4,1427,0.0,0.0
video_3.mp4,1428,0.0,0.0
video_3.mp4,1429,0.0,0.0
video_3.mp4,1430,0.0,0.0
video_3.mp4,1431,0.0,0.0
video_3.mp4,1432,0.0,0.0
video_3.mp4,1433,0.0,0.0
video_3.mp4,1434,0.0,0.0
video_3.mp4,1435,0.0,0.0
video_3.mp4,1436,0.0,0.0
video_3.mp4,1437,0.0,0.0
video_3.mp4,1438,0.0,0.0
video_3.mp4,1439,0.0,0.0
video_3.mp4,1440,0.0,0.0
video_3.mp4,1441,0.0,0.0
video_3.mp4,1442,0.0,0.0
video_3.mp4,1443,0.0,0.0
video_3.mp4,1444,0.0,0.0
video_3.mp4,1445,0.0,0.0
video_3.mp4,1446,0.0,0.0
video_3.mp4,1447,0.0,0.0
video_3.mp4,1448,0.0,0.0
video_3.mp4,1449,0.0,0.0
video_3.mp4,1450,0.0,0.0
video_3.mp4,1451,0.0,0.0
video_3.mp4,1452,0.0,0.0
video_3.mp4,1453,0.0,0.0
video_3.mp4,1454,0.0,0.0
video_3.mp4,1455,0.0,0.0
video_3.mp4,1456,0.0,0.0
video_3.mp4,1457,0.0,0.0
video_3.mp4,1458,0.0,0.0
video_3.mp4,1459,0.0,0.0
video_3.mp4,1460,0.0,0.0
video_3.mp4,1461,0.0,0.0
video_3.mp4,1462,0.0,0.0
video_3.mp4,1463,0.0,0.0
video_3.mp4,1464,0.0,0.0
video_3.mp4,1465,0.0,0.0
video_3.mp4,1466,0.0,0.0
video_3.mp4,1467,0.0,0.0

