timeStamp,totalThroughput,totalDownloadTime,listQuality,visibleFaces,percentageVisibleFaces,yaw,pitch,lowQualityRatio,bitrateInView,isReBuffer
2026-02-20 21:26:03,6482459,191.6086956521739,[1;1;1;1;1;1;1;1;1;1;1;1;1;1;1;1;1;1;1;1;1;1;1;1],],],0.0000,0.0000,NaN,0,true
2026-02-20 21:26:04,6745211,193.66666666666666,[1;1;1;1;1;1;1;1;1;1;1;1;1;1;1;1;1;1;1;1;1;1;1;1],],],0.0000,0.0000,NaN,0,false
2026-02-20 21:26:05,6745211,193.66666666666666,[1;1;1;1;1;1;1;1;1;1;1;1;1;1;1;1;1;1;1;1;1;1;1;1],[ent_video_0_points;ent_video_2_points;ent_video_5_points;ent_video_7_points;ent_video_16_points;ent_video_17_points;ent_video_18_points;ent_video_19_points],[0.28;0.24;0.28;0.28;0.8;0.8;0.8;0.68],-0.0393,0.0915,0,824153.28,false
2026-02-20 21:26:06,3204821,240.22222222222223,[2;1;2;1;1;2;1;2;1;1;2;2;2;2;1;1;2;2;2;2;1;1;1;1],[ent_video_0_points;ent_video_2_points;ent_video_5_points;ent_video_7_points;ent_video_16_points;ent_video_17_points;ent_video_18_points;ent_video_19_points],[0.28;0.28;0.28;0.28;0.8;0.8;0.8;0.8],-0.0093,0.0576,0,5130695.5200000005,false
2026-02-20 21:26:07,6649205,367.2857142857143,[2;1;2;1;1;2;1;2;1;1;2;2;2;2;1;1;2;2;2;2;1;1;1;1],[ent_video_0_points;ent_video_2_points;ent_video_5_points;ent_video_7_points;ent_video_16_points;ent_video_17_points;ent_video_18_points;ent_video_19_points],[0.28;0.28;0.28;0.28;0.8;0.8;0.8;0.8],-0.0176,0.0222,0,5130695.5200000005,false
2026-02-20 21:26:08,16187539,607.0909090909091,[2;1;2;1;1;2;1;2;1;1;2;2;2;2;1;1;2;2;2;2;1;1;1;1],[ent_video_0_points;ent_video_2_points;ent_video_5_points;ent_video_7_points;ent_video_16_points;ent_video_17_points;ent_video_18_points;ent_video_19_points],[0.28;0.28;0.28;0.28;0.8;0.8;0.8;0.8],0.0196,0.0139,0,5130695.5200000005,true
2026-02-20 21:26:09,17959953,875.9166666666666,[2;1;2;1;1;2;1;2;1;1;2;2;2;2;1;1;2;2;2;2;1;1;1;1],[ent_video_0_points;ent_video_2_points;ent_video_5_points;ent_video_7_points;ent_video_16_points;ent_video_17_points;ent_video_18_points;ent_video_19_points],[0.28;0.28;0.28;0.28;0.8;0.8;0.8;0.8],0.0196,0.0139,0,5130695.5200000005,true
2026-02-20 21:26:10,12526035,1132.5,[2;1;2;1;1;2;1;2;1;1;2;2;2;2;1;1;2;2;2;2;1;1;1;1],[ent_video_0_points;ent_video_2_points;ent_video_5_points;ent_video_7_points;ent_video_16_points;ent_video_17_points;ent_video_18_points;ent_video_19_points],[0.28;0.28;0.28;0.28;0.8;0.8;0.8;0.8],0.0196,0.0139,0,5130695.5200000005,true
2026-02-20 21:26:11,9739883,1774,[2;1;2;1;1;2;1;2;1;1;2;2;2;2;1;1;2;2;2;2;1;1;1;1],[ent_video_0_points;ent_video_2_points;ent_video_5_points;ent_video_7_points;ent_video_16_points;ent_video_17_points;ent_video_18_points;ent_video_19_points],[0.28;0.28;0.28;0.28;0.8;0.8;0.8;0.8],0.0196,0.0139,0,5130695.5200000005,true
2026-02-20 21:26:12,15683093,1854,[2;1;2;1;1;2;1;2;1;1;2;2;2;2;1;1;2;2;2;2;1;1;1;1],[ent_video_0_points;ent_video_2_points;ent_video_5_points;ent_video_7_points;ent_video_16_points;ent_video_17_points;ent_video_18_points;ent_video_19_points],[0.28;0.28;0.28;0.28;0.8;0.8;0.8;0.8],0.0196,0.0139,0,5130695.5200000005,true
2026-02-20 21:26:13,11176342,1774,[2;1;2;1;1;2;1;2;1;1;2;2;2;2;1;1;2;2;2;2;1;1;1;1],[ent_video_0_points;ent_video_2_points;ent_video_5_points;ent_video_7_points;ent_video_16_points;ent_video_17_points;ent_video_18_points;ent_video_19_points],[0.28;0.28;0.28;0.28;0.8;0.8;0.8;0.8],0.0158,0.0061,0,5130695.5200000005,false
2026-02-20 21:26:14,4438317,NaN,[2;1;2;1;1;2;1;2;1;1;2;2;2;2;1;1;2;2;2;2;1;1;1;1],[ent_video_0_points;ent_video_2_points;ent_video_5_points;ent_video_7_points;ent_video_16_points;ent_video_17_points;ent_video_18_points;ent_video_19_points],[0.28;0.28;0.28;0.28;0.8;0.8;0.8;0.8],0.0057,-0.0297,0,5130695.5200000005,false
2026-02-20 21:26:15,405843,NaN,[2;1;2;1;1;2;1;2;1;1;2;2;2;2;1;1;2;2;2;2;1;1;1;1],[ent_video_0_points;ent_video_2_points;ent_video_5_points;ent_video_7_points;ent_video_16_points;ent_video_17_points;ent_video_18_points;ent_video_19_points],[0.28;0.28;0.28;0.28;0.8;0.8;0.8;0.8],-0.0024,-0.0473,0,5130695.5200000005,false
2026-02-20 21:26:16,1561432,185.33333333333334,[2;1;2;1;1;2;1;2;1;1;2;2;2;2;1;1;2;2;2;2;1;1;1;1],[ent_video_0_points;ent_video_2_points;ent_video_5_points;ent_video_7_points;ent_video_16_points;ent_video_17_points;ent_video_18_points;ent_video_19_points],[0.28;0.28;0.28;0.28;0.8;0.8;0.8;0.8],-0.0002,-0.0371,0,5130695.5200000005,false
2026-02-20 21:26:17,5172360,417.8,[2;1;2;1;1;2;1;2;1;1;2;2;2;2;1;1;2;2;2;2;1;1;1;1],[ent_video_0_points;ent_video_2_points;ent_video_5_points;ent_video_7_points;ent_video_16_points;ent_video_17_points;ent_video_18_points;ent_video_19_points],[0.28;0.28;0.28;0.28;0.8;0.8;0.8;0.8],-0.0054,-0.0438,0,5130695.5200000005,false
2026-02-20 21:26:18,14769603,843.2,[2;1;2;1;1;2;1;2;1;1;2;2;2;2;1;1;2;2;2;2;1;1;1;1],[ent_video_0_points;ent_video_2_points;ent_video_5_points;ent_video_7_points;ent_video_16_points;ent_video_17_points;ent_video_18_points;ent_video_19_points],[0.28;0.28;0.28;0.28;0.8;0.8;0.8;0.8],-0.0110,-0.0559,0,5130695.5200000005,true
2026-02-20 21:26:19,14338985,815,[2;1;2;1;1;2;1;2;1;1;2;2;2;2;1;1;2;2;2;2;1;1;1;1],[ent_video_0_points;ent_video_2_points;ent_video_5_points;ent_video_7_points;ent_video_16_points;ent_video_17_points;ent_video_18_points;ent_video_19_points],[0.28;0.28;0.28;0.28;0.8;0.8;0.8;0.8],-0.0110,-0.0559,0,5130695.5200000005,true
2026-02-20 21:26:20,14702168,826,[2;1;2;1;1;2;1;2;1;1;2;2;2;2;1;1;2;2;2;2;1;1;1;1],[ent_video_0_points;ent_video_2_points;ent_video_5_points;ent_video_7_points;ent_video_16_points;ent_video_17_points;ent_video_18_points;ent_video_19_points],[0.28;0.28;0.28;0.28;0.8;0.8;0.8;0.8],-0.0110,-0.0559,0,5130695.5200000005,false
2026-02-20 21:26:21,7767206,242.66666666666666,[2;1;2;1;1;2;1;2;1;1;2;2;2;2;1;1;2;2;2;2;1;1;1;1],[ent_video_0_points;ent_video_2_points;ent_video_5_points;ent_video_7_points;ent_video_10_points;ent_video_11_points;ent_video_16_points;ent_video_17_points;ent_video_18_points;ent_video_19_points],[0.16;0.12;0.52;0.36;0.24;0.08;1;0.88;0.64;0.6],-0.1912,0.2532,0,4916974.88,false
2026-02-20 21:26:22,1511617,NaN,[2;1;2;1;1;2;1;2;1;1;2;2;2;2;1;1;2;2;2;2;1;1;1;1],[ent_video_0_points;ent_video_2_points;ent_video_5_points;ent_video_7_points;ent_video_10_points;ent_video_11_points;ent_video_16_points;ent_video_17_points;ent_video_18_points;ent_video_19_points],[0.44;0.2;0.36;0.2;0.2;0.24;1;1;0.6;0.6],0.0255,0.4311,0,5064592.56,false
2026-02-20 21:26:23,804656,186,[2;2;2;1;1;2;1;2;1;2;2;2;2;2;1;1;2;2;2;2;1;1;1;1],[ent_video_0_points;ent_video_2_points;ent_video_5_points;ent_video_7_points;ent_video_10_points;ent_video_11_points;ent_video_16_points;ent_video_17_points;ent_video_18_points;ent_video_19_points],[0.44;0.16;0.4;0.16;0.4;0.4;1;1;0.4;0.4],0.0172,0.4922,0,4542303.760000001,false
2026-02-20 21:26:24,3669248,382.25,[2;2;2;1;1;2;1;2;1;1;2;2;2;2;1;1;2;2;2;2;1;1;1;1],[ent_video_0_points;ent_video_2_points;ent_video_5_points;ent_video_7_points;ent_video_10_points;ent_video_11_points;ent_video_16_points;ent_video_17_points;ent_video_18_points;ent_video_19_points],[0.2;0.12;0.48;0.36;0.2;0.04;1;0.84;0.64;0.6],-0.1273,0.2041,0,4845308.2,false
2026-02-20 21:26:25,13460720,778.9333333333333,[2;2;2;1;1;2;1;2;1;1;2;2;2;2;1;1;2;2;2;2;1;1;1;1],[ent_video_0_points;ent_video_2_points;ent_video_5_points;ent_video_7_points;ent_video_10_points;ent_video_11_points;ent_video_16_points;ent_video_17_points;ent_video_18_points;ent_video_19_points],[0.36;0.24;0.28;0.2;0.08;0.2;0.88;1;0.6;0.6],0.0353,0.1909,0,4806161.88,false
2026-02-20 21:26:26,10945758,518.5714285714286,[2;2;2;1;1;2;1;2;1;1;2;2;2;2;1;1;2;2;2;2;1;1;1;1],[ent_video_0_points;ent_video_2_points;ent_video_5_points;ent_video_7_points;ent_video_11_points;ent_video_16_points;ent_video_17_points;ent_video_18_points;ent_video_19_points],[0.44;0.28;0.28;0.2;0.12;0.8;0.92;0.6;0.68],0.0692,0.1485,0,4867528.92,true
2026-02-20 21:26:27,17811369,894.25,[2;1;2;1;1;2;1;2;1;1;2;2;2;2;1;1;2;2;2;2;1;1;1;1],[ent_video_0_points;ent_video_2_points;ent_video_5_points;ent_video_7_points;ent_video_11_points;ent_video_16_points;ent_video_17_points;ent_video_18_points;ent_video_19_points],[0.44;0.28;0.28;0.2;0.12;0.8;0.92;0.6;0.68],0.0692,0.1485,0,4867528.92,true
2026-02-20 21:26:28,10918056,404,[2;1;2;1;1;2;1;2;1;1;2;2;2;2;1;1;2;2;2;2;1;1;1;1],[ent_video_0_points;ent_video_2_points;ent_video_5_points;ent_video_7_points;ent_video_11_points;ent_video_16_points;ent_video_17_points;ent_video_18_points;ent_video_19_points],[0.44;0.28;0.28;0.2;0.12;0.8;0.92;0.6;0.68],0.0692,0.1485,0,4867528.92,true
2026-02-20 21:26:29,6567437,565.4,[2;1;2;1;1;2;1;2;1;1;2;2;2;2;1;1;2;2;2;2;1;1;1;1],[ent_video_0_points;ent_video_2_points;ent_video_5_points;ent_video_7_points;ent_video_11_points;ent_video_16_points;ent_video_17_points;ent_video_18_points;ent_video_19_points],[0.44;0.24;0.28;0.2;0.16;0.8;0.96;0.6;0.6],0.0605,0.1663,0,4732107.92,false
2026-02-20 21:26:30,1494361,NaN,[2;1;2;1;1;2;1;2;1;1;2;2;2;2;1;1;2;2;2;2;1;1;1;1],[ent_video_0_points;ent_video_2_points;ent_video_5_points;ent_video_7_points;ent_video_16_points;ent_video_17_points;ent_video_18_points;ent_video_19_points],[0.28;0.24;0.28;0.24;0.8;0.8;0.6;0.6],0.0014,0.1699,0,4399853.8,false
2026-02-20 21:26:31,405177,NaN,[2;1;2;1;1;2;1;2;1;1;2;2;2;2;1;1;2;2;2;2;1;1;1;1],[ent_video_0_points;ent_video_2_points;ent_video_5_points;ent_video_7_points;ent_video_10_points;ent_video_11_points;ent_video_16_points;ent_video_17_points;ent_video_18_points;ent_video_19_points],[0.32;0.24;0.36;0.24;0.2;0.2;1;1;0.6;0.6],-0.0123,0.1872,0,5038130.199999999,false
2026-02-20 21:26:32,1996709,244,[2;1;2;1;1;2;1;2;1;1;2;2;2;2;1;1;2;2;2;2;1;1;1;1],[ent_video_0_points;ent_video_2_points;ent_video_5_points;ent_video_7_points;ent_video_10_points;ent_video_11_points;ent_video_16_points;ent_video_17_points;ent_video_18_points;ent_video_19_points],[0.36;0.2;0.36;0.24;0.2;0.2;1;1;0.6;0.6],-0.0210,0.2044,0,5020322.4799999995,false
2026-02-20 21:26:33,10150557,599.8571428571429,[2;1;2;1;1;2;1;2;1;1;2;2;2;2;1;1;2;2;2;2;1;1;1;1],[ent_video_0_points;ent_video_2_points;ent_video_5_points;ent_video_7_points;ent_video_10_points;ent_video_11_points;ent_video_16_points;ent_video_17_points;ent_video_18_points;ent_video_19_points],[0.28;0.2;0.36;0.24;0.2;0.12;1;0.92;0.6;0.6],-0.0337,0.1955,0,4826780.5600000005,false
2026-02-20 21:26:34,14494883,673.7222222222222,[2;1;2;1;1;2;1;2;1;1;2;2;2;2;1;1;2;2;2;2;1;1;1;1],[ent_video_0_points;ent_video_2_points;ent_video_5_points;ent_video_7_points;ent_video_10_points;ent_video_11_points;ent_video_16_points;ent_video_17_points;ent_video_18_points;ent_video_19_points],[0.28;0.2;0.36;0.24;0.2;0.08;1;0.88;0.6;0.6],-0.0375,0.1938,0,4770021.08,true
2026-02-20 21:26:35,11065650,606.25,[2;1;2;1;1;2;1;2;1;1;2;2;2;2;1;1;2;2;2;2;1;1;1;1],[ent_video_0_points;ent_video_2_points;ent_video_5_points;ent_video_7_points;ent_video_10_points;ent_video_11_points;ent_video_16_points;ent_video_17_points;ent_video_18_points;ent_video_19_points],[0.28;0.2;0.36;0.24;0.2;0.08;1;0.88;0.6;0.6],-0.0375,0.1938,0,4770021.08,true
2026-02-20 21:26:36,11579913,1196.3333333333333,[2;1;2;1;1;2;1;2;1;1;2;2;2;2;1;1;2;2;2;2;1;1;1;1],[ent_video_0_points;ent_video_2_points;ent_video_5_points;ent_video_7_points;ent_video_10_points;ent_video_11_points;ent_video_16_points;ent_video_17_points;ent_video_18_points;ent_video_19_points],[0.28;0.2;0.36;0.24;0.2;0.08;1;0.88;0.6;0.6],-0.0375,0.1938,0,4770021.08,true
2026-02-20 21:26:37,7459971,NaN,[2;1;2;1;1;2;1;2;1;1;2;2;2;2;1;1;2;2;2;2;1;1;1;1],[ent_video_0_points;ent_video_2_points;ent_video_5_points;ent_video_7_points;ent_video_10_points;ent_video_11_points;ent_video_16_points;ent_video_17_points;ent_video_18_points;ent_video_19_points],[0.28;0.2;0.36;0.24;0.2;0.12;1;0.92;0.6;0.6],-0.0370,0.1999,0,4826780.5600000005,false
2026-02-20 21:26:38,2115073,NaN,[2;1;2;1;1;2;1;2;1;1;2;2;2;2;1;1;2;2;2;2;1;1;1;1],[ent_video_0_points;ent_video_2_points;ent_video_5_points;ent_video_7_points;ent_video_10_points;ent_video_11_points;ent_video_16_points;ent_video_17_points;ent_video_18_points;ent_video_19_points],[0.28;0.2;0.36;0.24;0.2;0.16;1;0.96;0.6;0.6],-0.0332,0.2081,0,4883540.04,false
2026-02-20 21:26:39,211959,NaN,[2;1;2;1;1;2;1;2;1;1;2;2;2;2;1;1;2;2;2;2;1;1;1;1],[ent_video_0_points;ent_video_2_points;ent_video_5_points;ent_video_7_points;ent_video_10_points;ent_video_11_points;ent_video_16_points;ent_video_17_points;ent_video_18_points;ent_video_19_points],[0.32;0.2;0.4;0.24;0.2;0.2;1;1;0.6;0.6],-0.0438,0.2243,0,5015897.96,false
2026-02-20 21:26:40,3273981,283.5,[2;1;2;1;1;2;1;2;1;1;2;2;2;2;1;1;2;2;2;2;1;1;1;1],[ent_video_0_points;ent_video_2_points;ent_video_5_points;ent_video_7_points;ent_video_10_points;ent_video_11_points;ent_video_16_points;ent_video_17_points;ent_video_18_points;ent_video_19_points],[0.36;0.2;0.4;0.2;0.2;0.2;1;1;0.6;0.6],-0.0387,0.2667,0,5001079.72,false
2026-02-20 21:26:41,5929435,452.5,[2;1;2;1;1;2;1;2;1;1;2;2;2;2;1;1;2;2;2;2;1;1;1;1],[ent_video_0_points;ent_video_2_points;ent_video_5_points;ent_video_7_points;ent_video_10_points;ent_video_11_points;ent_video_16_points;ent_video_17_points;ent_video_18_points;ent_video_19_points],[0.36;0.2;0.4;0.24;0.2;0.2;1;1;0.6;0.6],-0.0404,0.2488,0,5055909.4399999995,false
2026-02-20 21:26:42,16035528,805.9230769230769,[2;1;2;1;1;2;1;2;1;1;2;2;2;2;1;1;2;2;2;2;1;1;1;1],[ent_video_0_points;ent_video_2_points;ent_video_5_points;ent_video_7_points;ent_video_10_points;ent_video_11_points;ent_video_16_points;ent_video_17_points;ent_video_18_points;ent_video_19_points],[0.36;0.2;0.4;0.24;0.2;0.2;1;1;0.6;0.6],-0.0440,0.2458,0,5055909.4399999995,true
2026-02-20 21:26:43,12404040,495.42857142857144,[2;1;2;1;1;2;1;2;1;1;2;2;2;2;1;1;2;2;2;2;1;1;1;1],[ent_video_0_points;ent_video_2_points;ent_video_5_points;ent_video_7_points;ent_video_10_points;ent_video_11_points;ent_video_16_points;ent_video_17_points;ent_video_18_points;ent_video_19_points],[0.36;0.2;0.4;0.24;0.2;0.2;1;1;0.6;0.6],-0.0440,0.2458,0,5055909.4399999995,true
2026-02-20 21:26:44,12590485,705.75,[2;1;2;1;1;2;1;2;1;1;2;2;2;2;1;1;2;2;2;2;1;1;1;1],[ent_video_0_points;ent_video_2_points;ent_video_5_points;ent_video_7_points;ent_video_10_points;ent_video_11_points;ent_video_16_points;ent_video_17_points;ent_video_18_points;ent_video_19_points],[0.36;0.2;0.4;0.24;0.2;0.2;1;1;0.6;0.6],-0.0429,0.2478,0,5055909.4399999995,false
2026-02-20 21:26:45,5644401,806.5,[2;1;2;1;1;2;1;2;1;1;2;2;2;2;1;1;2;2;2;2;1;1;1;1],[ent_video_0_points;ent_video_2_points;ent_video_5_points;ent_video_7_points;ent_video_10_points;ent_video_11_points;ent_video_16_points;ent_video_17_points;ent_video_18_points;ent_video_19_points],[0.36;0.2;0.4;0.24;0.2;0.2;1;1;0.6;0.6],-0.0335,0.2525,0,5055909.4399999995,false
2026-02-20 21:26:46,1438733,NaN,[2;1;2;1;1;2;1;2;1;1;2;2;2;2;1;1;2;2;2;2;1;1;1;1],[ent_video_0_points;ent_video_2_points;ent_video_5_points;ent_video_7_points;ent_video_10_points;ent_video_11_points;ent_video_16_points;ent_video_17_points;ent_video_18_points;ent_video_19_points],[0.36;0.2;0.4;0.24;0.2;0.2;1;1;0.6;0.6],-0.0309,0.2521,0,5055909.4399999995,false
2026-02-20 21:26:47,1913856,363.25,[2;1;2;1;1;2;1;2;1;1;2;2;2;2;1;1;2;2;2;2;1;1;1;1],[ent_video_0_points;ent_video_2_points;ent_video_5_points;ent_video_7_points;ent_video_10_points;ent_video_11_points;ent_video_16_points;ent_video_17_points;ent_video_18_points;ent_video_19_points],[0.28;0.2;0.4;0.24;0.2;0.16;1;0.96;0.6;0.6],-0.0470,0.2140,0,4919127,false
2026-02-20 21:26:48,5851923,377,[2;1;2;1;1;2;1;2;1;1;2;2;2;2;1;1;2;2;2;2;1;1;1;1],[ent_video_0_points;ent_video_2_points;ent_video_5_points;ent_video_7_points;ent_video_10_points;ent_video_11_points;ent_video_16_points;ent_video_17_points;ent_video_18_points;ent_video_19_points],[0.28;0.2;0.4;0.24;0.2;0.16;1;0.96;0.6;0.6],-0.0454,0.2172,0,4919127,false
2026-02-20 21:26:49,15320312,675,[2;1;2;1;1;2;1;2;1;1;2;2;2;2;1;1;2;2;2;2;1;1;1;1],[ent_video_0_points;ent_video_2_points;ent_video_5_points;ent_video_7_points;ent_video_10_points;ent_video_11_points;ent_video_16_points;ent_video_17_points;ent_video_18_points;ent_video_19_points],[0.28;0.2;0.4;0.24;0.2;0.16;1;0.96;0.6;0.6],-0.0481,0.2191,0,4919127,true
2026-02-20 21:26:50,12044353,468.3,[2;1;2;1;1;2;1;2;1;1;2;2;2;2;1;1;2;2;2;2;1;1;1;1],[ent_video_0_points;ent_video_2_points;ent_video_5_points;ent_video_7_points;ent_video_10_points;ent_video_11_points;ent_video_16_points;ent_video_17_points;ent_video_18_points;ent_video_19_points],[0.28;0.2;0.4;0.24;0.2;0.16;1;0.96;0.6;0.6],-0.0481,0.2191,0,4919127,true
2026-02-20 21:26:51,11505371,836.8,[2;1;2;1;1;2;1;2;1;1;2;2;2;2;1;1;2;2;2;2;1;1;1;1],[ent_video_0_points;ent_video_2_points;ent_video_5_points;ent_video_7_points;ent_video_10_points;ent_video_11_points;ent_video_16_points;ent_video_17_points;ent_video_18_points;ent_video_19_points],[0.28;0.2;0.4;0.24;0.2;0.16;1;0.96;0.6;0.6],-0.0481,0.2191,0,4919127,true
2026-02-20 21:26:52,7988941,NaN,[2;1;2;1;1;2;1;2;1;1;2;2;2;2;1;1;2;2;2;2;1;1;1;1],[ent_video_0_points;ent_video_2_points;ent_video_5_points;ent_video_7_points;ent_video_10_points;ent_video_11_points;ent_video_16_points;ent_video_17_points;ent_video_18_points;ent_video_19_points],[0.28;0.2;0.4;0.24;0.2;0.16;1;0.96;0.6;0.6],-0.0481,0.2191,0,4919127,false
2026-02-20 21:26:53,3358455,NaN,[2;1;2;1;1;2;1;2;1;1;2;2;2;2;1;1;2;2;2;2;1;1;1;1],[ent_video_0_points;ent_video_2_points;ent_video_5_points;ent_video_7_points;ent_video_10_points;ent_video_11_points;ent_video_16_points;ent_video_17_points;ent_video_18_points;ent_video_19_points],[0.28;0.2;0.4;0.24;0.2;0.16;1;0.96;0.6;0.6],-0.0512,0.2156,0,4919127,false
2026-02-20 21:26:54,759506,NaN,[2;1;2;1;1;2;1;2;1;1;2;2;2;2;1;1;2;2;2;2;1;1;1;1],[ent_video_0_points;ent_video_2_points;ent_video_5_points;ent_video_7_points;ent_video_10_points;ent_video_11_points;ent_video_16_points;ent_video_17_points;ent_video_18_points;ent_video_19_points],[0.28;0.2;0.4;0.24;0.2;0.08;1;0.88;0.6;0.6],-0.0534,0.2013,0,4805608.04,false
2026-02-20 21:26:55,1055459,297,[2;1;2;1;1;2;1;2;1;1;2;2;2;2;1;1;2;2;2;2;1;1;1;1],[ent_video_0_points;ent_video_2_points;ent_video_5_points;ent_video_7_points;ent_video_10_points;ent_video_11_points;ent_video_16_points;ent_video_17_points;ent_video_18_points;ent_video_19_points],[0.32;0.2;0.4;0.24;0.2;0.2;1;1;0.6;0.6],-0.0457,0.2329,0,5015897.96,false
2026-02-20 21:26:56,5688717,530.1111111111111,[2;1;2;1;1;2;1;2;1;1;2;2;2;2;1;1;2;2;2;2;1;1;1;1],[ent_video_0_points;ent_video_2_points;ent_video_5_points;ent_video_7_points;ent_video_10_points;ent_video_11_points;ent_video_16_points;ent_video_17_points;ent_video_18_points;ent_video_19_points],[0.28;0.2;0.4;0.24;0.2;0.16;1;0.96;0.6;0.6],-0.0378,0.2105,0,4919127,false
2026-02-20 21:26:57,8461600,653.8181818181819,[2;1;2;1;1;2;1;2;1;1;2;2;2;2;1;1;2;2;2;2;1;1;1;1],[ent_video_0_points;ent_video_2_points;ent_video_5_points;ent_video_7_points;ent_video_12_points;ent_video_13_points;ent_video_16_points;ent_video_17_points;ent_video_18_points;ent_video_19_points],[0.12;0.24;0.32;0.48;0.2;0.16;0.6;0.6;1;0.96],-0.1080,-0.2742,0,5937572.32,false
2026-02-20 21:26:58,15351399,739.6363636363636,[2;1;2;1;1;2;1;2;1;1;2;2;2;2;1;1;2;2;2;2;1;1;1;1],[ent_video_0_points;ent_video_2_points;ent_video_5_points;ent_video_7_points;ent_video_12_points;ent_video_13_points;ent_video_16_points;ent_video_17_points;ent_video_18_points;ent_video_19_points],[0.12;0.24;0.32;0.48;0.2;0.16;0.6;0.6;1;0.96],-0.1062,-0.2831,0,5937572.32,true
2026-02-20 21:26:59,14110174,502.875,[2;1;2;1;1;2;1;2;1;1;2;2;2;2;1;1;2;2;2;2;1;1;1;1],[ent_video_0_points;ent_video_2_points;ent_video_5_points;ent_video_7_points;ent_video_12_points;ent_video_13_points;ent_video_16_points;ent_video_17_points;ent_video_18_points;ent_video_19_points],[0.12;0.24;0.32;0.48;0.2;0.16;0.6;0.6;1;0.96],-0.1062,-0.2831,0,5937572.32,true
2026-02-20 21:27:00,10025937,839.2857142857143,[2;1;2;1;1;2;1;2;1;1;2;2;2;2;1;1;2;2;2;2;1;1;1;1],[ent_video_0_points;ent_video_2_points;ent_video_5_points;ent_video_7_points;ent_video_12_points;ent_video_13_points;ent_video_16_points;ent_video_17_points;ent_video_18_points;ent_video_19_points],[0.12;0.24;0.32;0.48;0.2;0.16;0.6;0.6;1;0.96],-0.1062,-0.2831,0,5937572.32,false
2026-02-20 21:27:01,4022526,NaN,[2;1;2;1;1;2;1;2;1;1;2;2;2;2;1;1;2;2;2;2;1;1;1;1],[ent_video_0_points;ent_video_2_points;ent_video_5_points;ent_video_7_points;ent_video_16_points;ent_video_17_points;ent_video_18_points;ent_video_19_points],[0.28;0.28;0.28;0.28;0.8;0.8;0.8;0.8],-0.0114,0.0362,0,5130695.5200000005,false
2026-02-20 21:27:02,843533,NaN,[2;1;2;1;1;2;1;2;1;1;2;2;2;2;1;1;2;2;2;2;1;1;1;1],[ent_video_0_points;ent_video_2_points;ent_video_5_points;ent_video_7_points;ent_video_10_points;ent_video_11_points;ent_video_16_points;ent_video_17_points;ent_video_18_points;ent_video_19_points],[0.28;0.2;0.48;0.28;0.2;0.08;1;0.88;0.6;0.6],-0.0763,0.2045,0,4931611.68,false
2026-02-20 21:27:03,451725,159.5,[2;1;2;1;1;2;1;2;1;1;2;2;2;2;1;1;2;2;2;2;1;1;1;1],[ent_video_0_points;ent_video_2_points;ent_video_5_points;ent_video_7_points;ent_video_10_points;ent_video_11_points;ent_video_16_points;ent_video_17_points;ent_video_18_points;ent_video_19_points],[0.36;0.2;0.4;0.2;0.2;0.2;1;1;0.6;0.6],-0.0208,0.3314,0,5001079.72,false
2026-02-20 21:27:04,5803923,511.22222222222223,[2;1;2;1;1;2;1;2;1;1;2;2;2;2;1;1;2;2;2;2;1;1;1;1],[ent_video_0_points;ent_video_2_points;ent_video_5_points;ent_video_7_points;ent_video_10_points;ent_video_11_points;ent_video_16_points;ent_video_17_points;ent_video_18_points;ent_video_19_points],[0.36;0.2;0.36;0.2;0.2;0.2;1;1;0.6;0.6],-0.0052,0.3142,0,4965492.76,false
2026-02-20 21:27:05,9711128,576.3571428571429,[2;1;2;1;1;2;1;2;1;1;2;2;2;2;1;1;2;2;2;2;1;1;1;1],[ent_video_0_points;ent_video_2_points;ent_video_5_points;ent_video_7_points;ent_video_10_points;ent_video_11_points;ent_video_16_points;ent_video_17_points;ent_video_18_points;ent_video_19_points],[0.36;0.2;0.36;0.2;0.2;0.2;1;1;0.6;0.6],0.0171,0.2546,0,4965492.76,false
2026-02-20 21:27:06,16332248,736.3076923076923,[2;1;2;1;1;2;1;2;1;1;2;2;2;2;1;1;2;2;2;2;1;1;1;1],[ent_video_0_points;ent_video_2_points;ent_video_5_points;ent_video_7_points;ent_video_10_points;ent_video_11_points;ent_video_16_points;ent_video_17_points;ent_video_18_points;ent_video_19_points],[0.36;0.2;0.36;0.2;0.2;0.2;1;1;0.6;0.6],0.0154,0.2469,0,4965492.76,true
2026-02-20 21:27:07,9235287,345.8333333333333,[2;1;2;1;1;2;1;2;1;1;2;2;2;2;1;1;2;2;2;2;1;1;1;1],[ent_video_0_points;ent_video_2_points;ent_video_5_points;ent_video_7_points;ent_video_10_points;ent_video_11_points;ent_video_16_points;ent_video_17_points;ent_video_18_points;ent_video_19_points],[0.36;0.2;0.36;0.2;0.2;0.2;1;1;0.6;0.6],0.0154,0.2469,0,4965492.76,true
2026-02-20 21:27:08,10414558,1245.25,[2;1;2;1;1;2;1;2;1;1;2;2;2;2;1;1;2;2;2;2;1;1;1;1],[ent_video_0_points;ent_video_2_points;ent_video_5_points;ent_video_7_points;ent_video_10_points;ent_video_11_points;ent_video_16_points;ent_video_17_points;ent_video_18_points;ent_video_19_points],[0.36;0.2;0.36;0.2;0.2;0.2;1;1;0.6;0.6],0.0158,0.2468,0,4965492.76,false
2026-02-20 21:27:09,4646557,NaN,[2;1;2;1;1;2;1;2;1;1;2;2;2;2;1;1;2;2;2;2;1;1;1;1],[ent_video_0_points;ent_video_2_points;ent_video_5_points;ent_video_7_points;ent_video_10_points;ent_video_11_points;ent_video_16_points;ent_video_17_points;ent_video_18_points;ent_video_19_points],[0.36;0.24;0.36;0.24;0.2;0.2;1;1;0.6;0.6],0.0031,0.2118,0,5078141.68,false
2026-02-20 21:27:10,1198939,NaN,[2;1;2;1;1;2;1;2;1;1;2;2;2;2;1;1;2;2;2;2;1;1;1;1],[ent_video_0_points;ent_video_2_points;ent_video_5_points;ent_video_7_points;ent_video_16_points;ent_video_17_points;ent_video_18_points;ent_video_19_points],[0.28;0.24;0.32;0.24;0.8;0.8;0.6;0.6],-0.0239,0.1484,0,4435440.76,false
2026-02-20 21:27:11,1155008,241.75,[2;1;2;1;1;2;1;2;1;1;2;2;2;2;1;1;2;2;2;2;1;1;1;1],[ent_video_0_points;ent_video_2_points;ent_video_5_points;ent_video_7_points;ent_video_10_points;ent_video_11_points;ent_video_16_points;ent_video_17_points;ent_video_18_points;ent_video_19_points],[0.36;0.24;0.36;0.24;0.2;0.2;1;1;0.6;0.6],-0.0027,0.1904,0,5078141.68,false
2026-02-20 21:27:12,5738843,510.8888888888889,[2;1;2;1;1;2;1;2;1;1;2;2;2;2;1;1;2;2;2;2;1;1;1;1],[ent_video_0_points;ent_video_2_points;ent_video_5_points;ent_video_7_points;ent_video_10_points;ent_video_11_points;ent_video_16_points;ent_video_17_points;ent_video_18_points;ent_video_19_points],[0.36;0.2;0.36;0.2;0.2;0.2;1;1;0.6;0.6],-0.0055,0.2797,0,4965492.76,false
2026-02-20 21:27:13,13150787,666.3125,[2;1;2;1;1;2;1;2;1;1;2;2;2;2;1;1;2;2;2;2;1;1;1;1],[ent_video_0_points;ent_video_2_points;ent_video_5_points;ent_video_7_points;ent_video_10_points;ent_video_11_points;ent_video_16_points;ent_video_17_points;ent_video_18_points;ent_video_19_points],[0.36;0.2;0.36;0.2;0.2;0.2;1;1;0.6;0.6],-0.0068,0.2609,0,4965492.76,true
2026-02-20 21:27:14,16020981,754.2727272727273,[2;1;2;1;1;2;1;2;1;1;2;2;2;2;1;1;2;2;2;2;1;1;1;1],[ent_video_0_points;ent_video_2_points;ent_video_5_points;ent_video_7_points;ent_video_10_points;ent_video_11_points;ent_video_16_points;ent_video_17_points;ent_video_18_points;ent_video_19_points],[0.36;0.2;0.36;0.2;0.2;0.2;1;1;0.6;0.6],-0.0068,0.2609,0,4965492.76,true
2026-02-20 21:27:15,11696889,308.42857142857144,[2;1;2;1;1;2;1;2;1;1;2;2;2;2;1;1;2;2;2;2;1;1;1;1],[ent_video_0_points;ent_video_2_points;ent_video_5_points;ent_video_7_points;ent_video_10_points;ent_video_11_points;ent_video_16_points;ent_video_17_points;ent_video_18_points;ent_video_19_points],[0.36;0.2;0.36;0.2;0.2;0.2;1;1;0.6;0.6],-0.0068,0.2609,0,4965492.76,true
2026-02-20 21:27:16,9380891,1207.5,[2;1;2;1;1;2;1;2;1;1;2;2;2;2;1;1;2;2;2;2;1;1;1;1],[ent_video_0_points;ent_video_2_points;ent_video_5_points;ent_video_7_points;ent_video_10_points;ent_video_11_points;ent_video_16_points;ent_video_17_points;ent_video_18_points;ent_video_19_points],[0.36;0.2;0.36;0.2;0.2;0.2;1;1;0.6;0.6],0.0061,0.2458,0,4965492.76,false
2026-02-20 21:27:17,3390005,NaN,[2;1;2;1;1;2;1;2;1;1;2;2;2;2;1;1;2;2;2;2;1;1;1;1],[ent_video_0_points;ent_video_2_points;ent_video_5_points;ent_video_7_points;ent_video_16_points;ent_video_17_points;ent_video_18_points;ent_video_19_points],[0.28;0.28;0.28;0.24;0.8;0.8;0.72;0.8],0.0412,0.0854,0,4962949.96,false
2026-02-20 21:27:18,574708,NaN,[2;1;2;1;1;2;1;2;1;1;2;2;2;2;1;1;2;2;2;2;1;1;1;1],[ent_video_0_points;ent_video_2_points;ent_video_5_points;ent_video_7_points;ent_video_11_points;ent_video_16_points;ent_video_17_points;ent_video_18_points;ent_video_19_points],[0.4;0.28;0.28;0.24;0.04;0.8;0.84;0.6;0.68],0.0497,0.1345,0,4768828.2,false
2026-02-20 21:27:19,2213032,196.71428571428572,[2;1;2;1;1;2;1;2;1;1;2;2;2;2;1;1;2;2;2;2;1;1;1;1],[ent_video_0_points;ent_video_2_points;ent_video_5_points;ent_video_7_points;ent_video_10_points;ent_video_11_points;ent_video_16_points;ent_video_17_points;ent_video_18_points;ent_video_19_points],[0.28;0.2;0.4;0.24;0.2;0.08;1;0.88;0.6;0.6],-0.0542,0.1951,0,4805608.04,false
2026-02-20 21:27:20,6344528,500.2,[2;1;2;1;1;2;1;2;1;1;2;2;2;2;1;1;2;2;2;2;1;1;1;1],[ent_video_0_points;ent_video_2_points;ent_video_5_points;ent_video_7_points;ent_video_10_points;ent_video_16_points;ent_video_17_points;ent_video_18_points;ent_video_19_points],[0.28;0.2;0.4;0.28;0.12;0.92;0.8;0.64;0.6],-0.0584,0.1536,0,4706059.279999999,false
2026-02-20 21:27:21,14822035,690.0555555555555,[2;1;2;1;1;2;1;2;1;1;2;2;2;2;1;1;2;2;2;2;1;1;1;1],[ent_video_0_points;ent_video_2_points;ent_video_5_points;ent_video_7_points;ent_video_10_points;ent_video_16_points;ent_video_17_points;ent_video_18_points;ent_video_19_points],[0.28;0.24;0.36;0.24;0.16;0.96;0.8;0.6;0.6],-0.0352,0.1709,0,4665662.6,true
2026-02-20 21:27:22,15040051,817.5555555555555,[2;1;2;1;1;2;1;2;1;1;2;2;2;2;1;1;2;2;2;2;1;1;1;1],[ent_video_0_points;ent_video_2_points;ent_video_5_points;ent_video_7_points;ent_video_10_points;ent_video_16_points;ent_video_17_points;ent_video_18_points;ent_video_19_points],[0.28;0.24;0.36;0.24;0.16;0.96;0.8;0.6;0.6],-0.0352,0.1709,0,4665662.6,true
2026-02-20 21:27:23,11060347,728.7142857142857,[2;1;2;1;1;2;1;2;1;1;2;2;2;2;1;1;2;2;2;2;1;1;1;1],[ent_video_0_points;ent_video_2_points;ent_video_5_points;ent_video_7_points;ent_video_10_points;ent_video_16_points;ent_video_17_points;ent_video_18_points;ent_video_19_points],[0.28;0.24;0.36;0.24;0.16;0.96;0.8;0.6;0.6],-0.0352,0.1709,0,4665662.6,true
2026-02-20 21:27:24,6624890,NaN,[2;1;2;1;1;2;1;2;1;1;2;2;2;2;1;1;2;2;2;2;1;1;1;1],[ent_video_0_points;ent_video_2_points;ent_video_5_points;ent_video_7_points;ent_video_10_points;ent_video_16_points;ent_video_17_points;ent_video_18_points;ent_video_19_points],[0.28;0.24;0.36;0.24;0.16;0.96;0.8;0.6;0.6],-0.0356,0.1685,0,4665662.6,false
2026-02-20 21:27:25,2311799,NaN,[2;1;2;1;1;2;1;2;1;1;2;2;2;2;1;1;2;2;2;2;1;1;1;1],[ent_video_0_points;ent_video_2_points;ent_video_5_points;ent_video_7_points;ent_video_10_points;ent_video_16_points;ent_video_17_points;ent_video_18_points;ent_video_19_points],[0.28;0.24;0.36;0.24;0.12;0.92;0.8;0.6;0.6],-0.0403,0.1558,0,4617003.88,false
2026-02-20 21:27:26,931252,117,[2;1;2;1;1;2;1;2;1;1;2;2;2;2;1;1;2;2;2;2;1;1;1;1],[ent_video_0_points;ent_video_2_points;ent_video_5_points;ent_video_7_points;ent_video_10_points;ent_video_16_points;ent_video_17_points;ent_video_18_points;ent_video_19_points],[0.28;0.24;0.36;0.24;0.08;0.88;0.8;0.6;0.6],-0.0377,0.1492,0,4568345.159999999,false
2026-02-20 21:27:27,8034424,354.6470588235294,[2;1;2;1;1;2;1;2;1;1;2;2;2;2;1;1;2;2;2;2;1;1;1;1],[ent_video_0_points;ent_video_2_points;ent_video_5_points;ent_video_7_points;ent_video_10_points;ent_video_11_points;ent_video_16_points;ent_video_17_points;ent_video_18_points;ent_video_19_points],[0.28;0.24;0.36;0.24;0.2;0.04;1;0.84;0.6;0.6],-0.0288,0.1750,0,4771080.8,false
2026-02-20 21:27:28,11942928,448.5238095238095,[2;1;2;1;1;2;1;2;1;1;2;2;2;2;1;1;2;2;2;2;1;1;1;1],[ent_video_0_points;ent_video_2_points;ent_video_5_points;ent_video_7_points;ent_video_16_points;ent_video_17_points;ent_video_18_points;ent_video_19_points],[0.12;0.12;0.44;0.44;0.8;0.68;0.8;0.72],-0.1802,-0.0047,0,4853630.32,false
