totalThroughput,totalDownloadTime,timeStamp,cpuUsage,timeStamp,avgRotationAngle,video,user,energy
462480.0,7.166666666666667,2025-04-06 16:20:44,63.1,0,0.1939378789661589,2,1,443.0
462480.0,7.166666666666667,2025-04-06 16:20:45,28.9,1,0.13312603753487065,2,1,443.0
902376.0,6.479166666666667,2025-04-06 16:20:46,67.4,2,0.06190858291764729,2,1,443.0
439896.0,5.791666666666667,2025-04-06 16:20:47,32.6,3,0.06400248629328782,2,1,443.0
439896.0,5.791666666666667,2025-04-06 16:20:48,32.4,4,0.030280125412526993,2,1,443.0
439896.0,5.791666666666667,2025-04-06 16:20:49,30.7,5,0.044020457943467775,2,1,443.0
439896.0,5.791666666666667,2025-04-06 16:20:50,32.4,6,0.1763457071275449,2,1,443.0
1444755.0,77.36363636363636,2025-04-06 16:20:51,36.0,7,0.4047535221226346,2,1,443.0
10263760.0,219.68571428571428,2025-04-06 16:20:52,34.1,8,0.45365743639220607,2,1,443.0
13087840.0,246.65,2025-04-06 16:20:53,30.6,9,0.7060334179911374,2,1,443.0
10252844.0,315.69565217391306,2025-04-06 16:20:54,47.4,10,0.5665113610280131,2,1,443.0
1900515.0,,2025-04-06 16:20:55,33.0,11,0.07345461371158701,2,1,443.0
1020805.0,72.875,2025-04-06 16:20:56,40.1,12,0.07189269486335079,2,1,443.0
6965931.0,204.36,2025-04-06 16:20:57,54.0,13,0.038841437857777085,2,1,443.0
6965931.0,204.36,2025-04-06 16:20:58,31.8,14,0.020462868291629244,2,1,443.0
4741535.0,206.45454545454547,2025-04-06 16:20:59,29.4,15,0.0213251092697871,2,1,443.0
4741535.0,206.45454545454547,2025-04-06 16:21:00,34.3,16,0.019765762212605762,2,1,443.0
737373.0,60.5,2025-04-06 16:21:01,29.0,17,0.06391550815337309,2,1,443.0
4509432.0,154.65,2025-04-06 16:21:02,37.4,18,0.05814973308861559,2,1,443.0
7730963.0,257.1304347826087,2025-04-06 16:21:03,31.1,19,0.08058498127010012,2,1,443.0
7343774.0,310.6111111111111,2025-04-06 16:21:04,29.9,20,0.09859358236097313,2,1,443.0
1510577.0,403.0,2025-04-06 16:21:05,38.1,21,0.34191795066684116,2,1,443.0
2349905.0,173.85714285714286,2025-04-06 16:21:06,34.5,22,0.24272409150113686,2,1,443.0
5957315.0,257.0,2025-04-06 16:21:07,32.3,23,0.09114299339991647,2,1,443.0
11039573.0,326.61538461538464,2025-04-06 16:21:08,43.4,24,0.0258783176356122,2,1,443.0
10081186.0,404.3529411764706,2025-04-06 16:21:09,32.2,25,0.013335290366361174,2,1,443.0
5169740.0,163.71428571428572,2025-04-06 16:21:10,30.1,26,0.020033067636212362,2,1,443.0
1200984.0,81.8,2025-04-06 16:21:11,33.7,27,0.01568798838322865,2,1,443.0
2984427.0,169.58333333333334,2025-04-06 16:21:12,66.1,28,0.014579383167206158,2,1,443.0
6240213.0,206.5909090909091,2025-04-06 16:21:13,31.8,29,0.013197142746119704,2,1,443.0
7421210.0,300.05882352941177,2025-04-06 16:21:14,32.4,30,0.0388411422772635,2,1,443.0
4436888.0,270.1111111111111,2025-04-06 16:21:15,30.9,31,0.04254634416135291,2,1,443.0
1271712.0,136.33333333333334,2025-04-06 16:21:16,56.7,32,0.015013241838719832,2,1,443.0
4144859.0,323.7,2025-04-06 16:21:17,40.8,33,0.15694383824594454,2,1,443.0
8257357.0,336.57894736842104,2025-04-06 16:21:18,36.5,34,0.0817693130693701,2,1,443.0
10516256.0,362.5882352941176,2025-04-06 16:21:19,37.7,35,0.013167526144381762,2,1,443.0
6144195.0,310.0,2025-04-06 16:21:20,44.3,36,0.01158440643701394,2,1,443.0
3577579.0,381.57142857142856,2025-04-06 16:21:21,35.9,37,0.015254678388202795,2,1,443.0
2891536.0,233.66666666666663,2025-04-06 16:21:22,35.1,38,0.012205827698120852,2,1,443.0
4593491.0,212.875,2025-04-06 16:21:23,34.4,39,0.012435255992940064,2,1,443.0
5714621.0,185.7142857142857,2025-04-06 16:21:24,40.4,40,0.0129528111392957,2,1,443.0
3036281.0,157.14285714285714,2025-04-06 16:21:25,33.3,41,0.009815686055428856,2,1,443.0
1346045.0,128.42857142857142,2025-04-06 16:21:26,32.5,42,0.012864696438755778,2,1,443.0
883155.0,114.6,2025-04-06 16:21:27,34.1,43,0.012004609232869763,2,1,443.0
3086725.0,135.86666666666667,2025-04-06 16:21:28,33.9,44,0.06522230119484598,2,1,443.0
4652944.0,150.4,2025-04-06 16:21:29,34.8,45,0.02268334440862418,2,1,443.0
4779012.0,149.78947368421052,2025-04-06 16:21:30,32.5,46,0.011622094600218926,2,1,443.0
4779012.0,149.78947368421052,2025-04-06 16:21:30,32.5,47,0.01370311252054741,2,1,443.0
2731608.0,178.5,2025-04-06 16:21:30,32.5,46,0.011622094600218926,2,1,443.0
2731608.0,178.5,2025-04-06 16:21:30,32.5,47,0.01370311252054741,2,1,443.0
1528671.0,95.83333333333331,2025-04-06 16:21:32,32.8,48,0.028878453324887945,2,1,443.0
1435589.0,67.0,2025-04-06 16:21:33,32.5,49,0.029539780378168026,2,1,443.0
4563603.0,178.8125,2025-04-06 16:21:34,46.4,50,0.012621020713290774,2,1,443.0
6821194.0,261.0,2025-04-06 16:21:35,34.1,51,0.016390017894420506,2,1,443.0
6694039.0,302.27272727272725,2025-04-06 16:21:36,32.1,52,0.016212825138168137,2,1,443.0
2949369.0,209.28571428571428,2025-04-06 16:21:37,30.1,53,0.012862772662567946,2,1,443.0
888836.0,42.25,2025-04-06 16:21:38,32.8,54,0.012478835577085266,2,1,443.0
936885.0,34.4,2025-04-06 16:21:39,39.2,55,0.02427598710398853,2,1,443.0
827947.0,20.863636363636363,2025-04-06 16:21:40,37.4,56,0.22692182814950268,2,1,443.0
508864.0,11.31578947368421,2025-04-06 16:21:41,31.1,57,0.31313551625571157,2,1,443.0
819928.0,46.30769230769231,2025-04-06 16:21:42,41.2,58,0.19087369751728306,2,1,443.0
888475.0,111.0,2025-04-06 16:21:43,31.8,59,0.1966587913087676,2,1,443.0
380741.0,8.625,2025-04-06 16:30:49,80.2,0,0.20983789178240964,8,1,443.0
380741.0,8.625,2025-04-06 16:30:50,96.0,1,0.5748640817771775,8,1,443.0
3514027.0,36.54,2025-04-06 16:30:51,92.5,2,0.3889029569499451,8,1,443.0
6339581.0,75.52272727272727,2025-04-06 16:30:52,55.8,3,0.1927312462944254,8,1,443.0
6339581.0,75.52272727272727,2025-04-06 16:30:53,40.2,4,0.1662065790640119,8,1,443.0
2788946.0,75.73333333333333,2025-04-06 16:30:54,46.1,5,0.24817631809120927,8,1,443.0
2788946.0,75.73333333333333,2025-04-06 16:30:55,49.9,6,0.3821749121348729,8,1,443.0
1060141.0,32.09090909090909,2025-04-06 16:30:56,59.9,7,0.057520832943134335,8,1,443.0
6069251.0,194.24,2025-04-06 16:30:57,49.8,8,0.5133147289885589,8,1,443.0
6069251.0,194.24,2025-04-06 16:30:58,58.5,9,0.09060911044634981,8,1,443.0
4135070.0,285.2857142857143,2025-04-06 16:30:59,59.4,10,0.29547577567895544,8,1,443.0
4135070.0,285.2857142857143,2025-04-06 16:31:00,49.9,11,0.15864140024958798,8,1,443.0
101061.0,4.0,2025-04-06 16:31:01,56.4,12,0.03714201017174604,8,1,443.0
4189989.0,166.10526315789474,2025-04-06 16:31:02,54.8,13,0.013240728320520699,8,1,443.0
9461504.0,266.22222222222223,2025-04-06 16:31:03,48.5,14,0.016037332315567834,8,1,443.0
10240197.0,326.1818181818182,2025-04-06 16:31:04,50.0,15,0.012124150301189166,8,1,443.0
4034065.0,565.0,2025-04-06 16:31:05,42.5,16,0.012035732171402894,8,1,443.0
659496.0,,2025-04-06 16:31:06,41.6,17,0.011900320239090602,8,1,443.0
1734112.0,210.25,2025-04-06 16:31:07,61.6,18,0.009944825331178277,8,1,443.0
9267667.0,464.95,2025-04-06 16:31:08,43.0,19,0.012291879559178811,8,1,443.0
12857291.0,488.0416666666667,2025-04-06 16:31:09,63.0,20,0.009719382283020094,8,1,443.0
8410539.0,496.22222222222223,2025-04-06 16:31:10,53.8,21,0.012203129889423474,8,1,443.0
1822937.0,,2025-04-06 16:31:11,44.1,22,0.011949845725761998,8,1,443.0
1822937.0,,2025-04-06 16:31:11,44.1,23,0.010991464980209142,8,1,443.0
479661.0,42.833333333333336,2025-04-06 16:31:11,44.1,22,0.011949845725761998,8,1,443.0
479661.0,42.833333333333336,2025-04-06 16:31:11,44.1,23,0.010991464980209142,8,1,443.0
6092051.0,248.68421052631575,2025-04-06 16:31:13,54.7,24,0.009741085979857018,8,1,443.0
7063077.0,221.83333333333331,2025-04-06 16:31:14,45.3,25,0.013142812807224968,8,1,443.0
5816473.0,225.06666666666663,2025-04-06 16:31:15,39.9,26,0.022000956337437753,8,1,443.0
442276.0,46.0,2025-04-06 16:31:16,63.2,27,0.11588022618059507,8,1,443.0
439779.0,37.71428571428572,2025-04-06 16:31:17,55.9,28,0.3257725655827087,8,1,443.0
5157800.0,191.2,2025-04-06 16:31:18,57.2,29,0.16578479060291332,8,1,443.0
6766312.0,193.73076923076923,2025-04-06 16:31:19,45.7,30,0.18514525123207076,8,1,443.0
5713017.0,186.11764705882356,2025-04-06 16:31:20,39.1,31,0.14420365282621656,8,1,443.0
1512033.0,162.2,2025-04-06 16:31:21,59.5,32,0.16237814423321126,8,1,443.0
1583003.0,152.57142857142858,2025-04-06 16:31:22,44.2,33,0.259676583411132,8,1,443.0
5831581.0,279.4375,2025-04-06 16:31:23,45.3,34,0.26608754226736586,8,1,443.0
12350347.0,332.92857142857144,2025-04-06 16:31:24,41.8,35,0.06609249353485722,8,1,443.0
10287427.0,336.35,2025-04-06 16:31:25,49.9,36,0.15834102382411824,8,1,443.0
4704156.0,232.42857142857144,2025-04-06 16:31:26,61.3,37,0.1953367782138127,8,1,443.0
98365.0,3.5,2025-04-06 16:31:27,61.7,38,0.13004556624465105,8,1,443.0
2352989.0,136.5,2025-04-06 16:31:28,46.6,39,0.10931679227592027,8,1,443.0
5517696.0,184.77272727272728,2025-04-06 16:31:29,44.2,40,0.029153815672078438,8,1,443.0
5845763.0,183.69565217391303,2025-04-06 16:31:30,38.5,41,0.018337562529750582,8,1,443.0
2466113.0,73.33333333333333,2025-04-06 16:31:31,58.6,42,0.01609959016029712,8,1,443.0
765326.0,162.66666666666666,2025-04-06 16:31:32,57.0,43,0.015585317005042659,8,1,443.0
1527891.0,112.88888888888889,2025-04-06 16:31:33,51.7,44,0.015964869164054932,8,1,443.0
7221906.0,331.8125,2025-04-06 16:31:34,49.3,45,0.012874125049843784,8,1,443.0
11714197.0,392.25,2025-04-06 16:31:35,46.0,46,0.013016735789745238,8,1,443.0
8592920.0,391.38461538461536,2025-04-06 16:31:36,42.8,47,0.039796958919305875,8,1,443.0
4766944.0,470.7142857142857,2025-04-06 16:31:37,63.9,48,0.19647037966760938,8,1,443.0
755861.0,115.6,2025-04-06 16:31:38,73.1,49,0.11224997001352945,8,1,443.0
6568240.0,288.5625,2025-04-06 16:31:39,59.6,50,0.022952901797200227,8,1,443.0
11085811.0,343.12,2025-04-06 16:31:40,57.6,51,0.021064971814646987,8,1,443.0
10104736.0,341.72222222222223,2025-04-06 16:31:41,42.4,52,0.024718181209098432,8,1,443.0
3816146.0,163.0,2025-04-06 16:31:42,40.0,53,0.012676094844864545,8,1,443.0
208269.0,22.5,2025-04-06 16:31:43,68.3,54,0.012165403024923216,8,1,443.0
1220557.0,58.46153846153846,2025-04-06 16:31:44,63.9,55,0.011233896287874903,8,1,443.0
1192921.0,32.45454545454545,2025-04-06 16:31:45,50.8,56,0.013388621702555038,8,1,443.0
920214.0,7.25,2025-04-06 16:31:46,54.4,57,0.13666442302481302,8,1,443.0
1096645.0,71.61538461538461,2025-04-06 16:31:47,39.4,58,0.23056175105306848,8,1,443.0
1061981.0,299.3333333333333,2025-04-06 16:31:48,56.2,59,0.38102402629127163,8,1,443.0
358349.0,18.375,2025-04-06 16:28:44,32.3,0,0.4970356105843703,5,1,500.0
358349.0,18.375,2025-04-06 16:28:45,23.2,1,0.19050631384462374,5,1,500.0
656587.0,10.978260869565217,2025-04-06 16:28:46,50.9,2,0.1327905067669086,5,1,500.0
319221.0,3.0,2025-04-06 16:28:47,36.2,3,0.1691831337822926,5,1,500.0
319221.0,3.0,2025-04-06 16:28:48,34.9,4,0.3452726820192463,5,1,500.0
20984.0,4.0,2025-04-06 16:28:49,46.1,5,0.11039744600415603,5,1,500.0
20984.0,4.0,2025-04-06 16:28:50,34.6,6,0.16246440691733385,5,1,500.0
2168787.0,49.54545454545455,2025-04-06 16:28:51,46.1,7,0.10086844740100241,5,1,500.0
7214677.0,115.94736842105264,2025-04-06 16:28:52,36.2,8,0.09044754300610897,5,1,500.0
7214677.0,115.94736842105264,2025-04-06 16:28:53,42.3,9,0.09816346082966049,5,1,500.0
3850505.0,217.5,2025-04-06 16:28:54,32.1,10,0.10082455279059814,5,1,500.0
3850505.0,217.5,2025-04-06 16:28:55,50.6,11,0.036919384501123906,5,1,500.0
3850505.0,217.5,2025-04-06 16:28:56,36.5,12,0.02900218927401893,5,1,500.0
2697957.0,133.0,2025-04-06 16:28:57,38.3,13,0.030368184392520852,5,1,500.0
9497584.0,289.5769230769231,2025-04-06 16:28:58,49.5,14,0.024585034619110716,5,1,500.0
9320670.0,278.6,2025-04-06 16:28:59,35.4,15,0.02910656083815276,5,1,500.0
4325806.0,428.8333333333333,2025-04-06 16:29:00,36.1,16,0.06457689751550022,5,1,500.0
4325806.0,428.8333333333333,2025-04-06 16:29:01,34.7,17,0.031581517222174414,5,1,500.0
2959581.0,103.78947368421052,2025-04-06 16:29:02,62.3,18,0.011838339210524478,5,1,500.0
3957261.0,109.29166666666669,2025-04-06 16:29:03,34.1,19,0.014268903201384912,5,1,500.0
3583912.0,90.42857142857144,2025-04-06 16:29:04,51.4,20,0.01310655744506494,5,1,500.0
823992.0,55.66666666666666,2025-04-06 16:29:05,32.0,21,0.012901576884217015,5,1,500.0
293896.0,242.0,2025-04-06 16:29:06,33.9,22,0.024449319241310843,5,1,500.0
1487349.0,47.57142857142857,2025-04-06 16:29:07,37.3,23,0.12534754551407465,5,1,500.0
3349685.0,72.375,2025-04-06 16:29:08,40.3,24,0.45312988088939293,5,1,500.0
3055789.0,65.0,2025-04-06 16:29:09,35.9,25,0.17073269610362563,5,1,500.0
1077425.0,34.4,2025-04-06 16:29:10,35.5,26,0.1903164520994032,5,1,500.0
1077425.0,34.4,2025-04-06 16:29:11,33.2,27,0.28656341280764774,5,1,500.0
2364760.0,155.72727272727272,2025-04-06 16:29:12,38.3,28,0.3736338094766228,5,1,500.0
10181944.0,245.29032258064515,2025-04-06 16:29:13,35.0,29,0.04017910980329758,5,1,500.0
10516832.0,250.8,2025-04-06 16:29:14,31.6,30,0.035735654520051986,5,1,500.0
7547278.0,300.8666666666667,2025-04-06 16:29:15,33.0,31,0.09337528740189538,5,1,500.0
361988.0,,2025-04-06 16:29:16,34.2,32,0.13154233073226182,5,1,500.0
1157877.0,103.125,2025-04-06 16:29:17,41.6,33,0.04358597781749067,5,1,500.0
4714699.0,174.52380952380952,2025-04-06 16:29:18,30.8,34,0.021816777019351155,5,1,500.0
6516593.0,196.66666666666663,2025-04-06 16:29:19,29.7,35,0.21521784187770562,5,1,500.0
3748516.0,185.54545454545453,2025-04-06 16:29:20,33.0,36,0.09646552579900458,5,1,500.0
1234042.0,242.0,2025-04-06 16:29:21,32.3,37,0.22014740167527463,5,1,500.0
1511632.0,303.25,2025-04-06 16:29:22,36.8,38,0.5168815828879069,5,1,500.0
7188453.0,333.25,2025-04-06 16:29:23,34.3,39,0.19030088993361194,5,1,500.0
14177189.0,351.38709677419354,2025-04-06 16:29:24,30.6,40,0.26560923690789806,5,1,500.0
12570148.0,340.5925925925926,2025-04-06 16:29:25,30.3,41,0.4739793880508188,5,1,500.0
5893136.0,285.72727272727275,2025-04-06 16:29:26,37.1,42,0.08084172882093799,5,1,500.0
1598252.0,243.0,2025-04-06 16:29:27,35.2,43,0.04926867607978865,5,1,500.0
3638264.0,152.375,2025-04-06 16:29:28,32.2,44,0.08512152461841535,5,1,500.0
5053211.0,141.82608695652175,2025-04-06 16:29:29,30.3,45,0.03852363315256702,5,1,500.0
4504424.0,124.21739130434784,2025-04-06 16:29:30,57.3,46,0.05732505011227525,5,1,500.0
1586453.0,100.55555555555556,2025-04-06 16:29:31,34.7,47,0.03040219590746435,5,1,500.0
1586453.0,100.55555555555556,2025-04-06 16:29:31,34.7,48,0.06500069422363426,5,1,500.0
1140214.0,102.5,2025-04-06 16:29:31,34.7,47,0.03040219590746435,5,1,500.0
1140214.0,102.5,2025-04-06 16:29:31,34.7,48,0.06500069422363426,5,1,500.0
2480443.0,118.6923076923077,2025-04-06 16:29:33,31.0,49,0.06312145922395251,5,1,500.0
3776397.0,121.15,2025-04-06 16:29:34,30.9,50,0.03913152113643433,5,1,500.0
4017531.0,130.85714285714286,2025-04-06 16:29:35,30.8,51,0.024495844535393125,5,1,500.0
2100395.0,113.2,2025-04-06 16:29:36,37.1,52,0.02608590918683111,5,1,500.0
977627.0,131.4,2025-04-06 16:29:37,38.4,53,0.022399569284088202,5,1,500.0
828371.0,22.58333333333333,2025-04-06 16:29:38,40.6,54,0.02227765495508485,5,1,500.0
1972843.0,44.56521739130435,2025-04-06 16:29:39,39.7,55,0.04100873317408336,5,1,500.0
1930277.0,41.12,2025-04-06 16:29:40,57.6,56,0.09301704040313057,5,1,500.0
1098471.0,48.642857142857146,2025-04-06 16:29:41,37.9,57,0.12211846263858948,5,1,500.0
9589.0,2.0,2025-04-06 16:29:42,39.6,58,0.21842134613599848,5,1,500.0
9589.0,2.0,2025-04-06 16:29:43,35.4,59,0.1208171481370393,5,1,500.0
738379.0,5.75,2025-04-06 16:15:49,39.6,0,0.09177952988616701,4,1,462.0
738379.0,5.75,2025-04-06 16:15:50,38.4,1,0.020396394953805495,4,1,462.0
738379.0,5.75,2025-04-06 16:15:51,52.1,2,0.01837314581938031,4,1,462.0
6262875.0,163.07142857142858,2025-04-06 16:15:52,37.5,3,0.06574946186761128,4,1,462.0
10201976.0,203.2894736842105,2025-04-06 16:15:53,34.8,4,0.06945464208043645,4,1,462.0
10201976.0,203.2894736842105,2025-04-06 16:15:54,47.1,5,0.05043344119202565,4,1,462.0
3142763.0,565.5,2025-04-06 16:15:55,31.2,6,0.14932854413307986,4,1,462.0
3142763.0,565.5,2025-04-06 16:15:56,44.6,7,0.10661469439878853,4,1,462.0
4930493.0,342.35714285714283,2025-04-06 16:15:57,35.9,8,0.24129198479647937,4,1,462.0
10875989.0,344.9310344827586,2025-04-06 16:15:58,30.8,9,0.7287597122017164,4,1,462.0
11158162.0,352.6666666666667,2025-04-06 16:15:59,31.1,10,0.40620393564242396,4,1,462.0
11158162.0,352.6666666666667,2025-04-06 16:15:59,31.1,11,0.4296827687592591,4,1,462.0
4002753.0,275.1111111111111,2025-04-06 16:15:59,31.1,10,0.40620393564242396,4,1,462.0
4002753.0,275.1111111111111,2025-04-06 16:15:59,31.1,11,0.4296827687592591,4,1,462.0
414872.0,,2025-04-06 16:16:01,31.5,12,0.16740760817192687,4,1,462.0
7070757.0,274.10526315789474,2025-04-06 16:16:02,49.4,13,0.12606314478899847,4,1,462.0
10570757.0,297.51851851851853,2025-04-06 16:16:03,33.6,14,0.037522523535297274,4,1,462.0
10758023.0,283.7307692307692,2025-04-06 16:16:04,29.2,15,0.025211037223815562,4,1,462.0
3102655.0,82.6,2025-04-06 16:16:05,50.1,16,0.06755574670920138,4,1,462.0
207832.0,2.0,2025-04-06 16:16:06,31.9,17,0.3043020588147095,4,1,462.0
4660053.0,301.3636363636364,2025-04-06 16:16:07,33.0,18,0.5514782291653115,4,1,462.0
11313528.0,350.0833333333333,2025-04-06 16:16:08,35.1,19,0.8040294147597952,4,1,462.0
16279805.0,388.6875,2025-04-06 16:16:09,36.1,20,0.4192804886397526,4,1,462.0
11384067.0,420.5263157894737,2025-04-06 16:16:10,32.5,21,0.05518239065512308,4,1,462.0
3918604.0,524.75,2025-04-06 16:16:11,29.4,22,0.030662454796875026,4,1,462.0
3333147.0,176.9090909090909,2025-04-06 16:16:12,33.7,23,0.024498457942725486,4,1,462.0
5725531.0,152.70833333333334,2025-04-06 16:16:13,43.6,24,0.023693814486504653,4,1,462.0
5791827.0,146.68,2025-04-06 16:16:14,34.1,25,0.04182414305642879,4,1,462.0
2410322.0,22.25,2025-04-06 16:16:15,40.7,26,0.021072446697997873,4,1,462.0
66296.0,2.0,2025-04-06 16:16:16,73.6,27,0.023241778599106547,4,1,462.0
2754936.0,236.44444444444449,2025-04-06 16:16:17,68.5,28,0.02217237792871183,4,1,462.0
5309413.0,195.55,2025-04-06 16:16:18,37.1,29,0.01780388648192707,4,1,462.0
7714843.0,243.625,2025-04-06 16:16:19,31.7,30,0.019810939197337465,4,1,462.0
4800677.0,210.7333333333333,2025-04-06 16:16:20,32.6,31,0.08407692810948268,4,1,462.0
1581881.0,2.0,2025-04-06 16:16:21,28.7,32,0.1272780606144196,4,1,462.0
3307781.0,175.0,2025-04-06 16:16:22,33.1,33,0.07206235335319226,4,1,462.0
4908552.0,162.95,2025-04-06 16:16:23,33.3,34,0.041984405553757015,4,1,462.0
5188243.0,151.77272727272728,2025-04-06 16:16:24,41.9,35,0.05793191442066562,4,1,462.0
3911421.0,186.42857142857144,2025-04-06 16:16:25,30.0,36,0.03923162308248728,4,1,462.0
2866560.0,312.57142857142856,2025-04-06 16:16:26,29.8,37,0.031255600899392076,4,1,462.0
2140870.0,136.33333333333334,2025-04-06 16:16:27,30.4,38,0.06480430601335481,4,1,462.0
4399253.0,243.07142857142856,2025-04-06 16:16:28,31.7,39,0.18389700051069918,4,1,462.0
5851112.0,208.42857142857144,2025-04-06 16:16:29,34.2,40,0.16671970842028003,4,1,462.0
4887748.0,154.7,2025-04-06 16:16:30,37.7,41,0.172551929213365,4,1,462.0
3645424.0,177.9090909090909,2025-04-06 16:16:31,34.3,42,0.2627009359043919,4,1,462.0
2502369.0,126.27272727272728,2025-04-06 16:16:32,36.0,43,0.049074288868441236,4,1,462.0
5102456.0,277.7142857142857,2025-04-06 16:16:33,66.1,44,0.04217409880006969,4,1,462.0
5920587.0,230.8947368421053,2025-04-06 16:16:34,36.4,45,0.027324640308811383,4,1,462.0
5142372.0,217.2,2025-04-06 16:16:35,38.0,46,0.07098154541196165,4,1,462.0
4138091.0,295.3636363636364,2025-04-06 16:16:36,31.0,47,0.09752410302901265,4,1,462.0
3410320.0,251.9,2025-04-06 16:16:37,33.6,48,0.05257191723209234,4,1,462.0
6869261.0,225.55555555555557,2025-04-06 16:16:38,48.1,49,0.02561259832706119,4,1,462.0
7288141.0,232.3181818181818,2025-04-06 16:16:39,38.4,50,0.0440177740197266,4,1,462.0
5759559.0,176.8235294117647,2025-04-06 16:16:40,36.2,51,0.03153507227625274,4,1,462.0
3148155.0,178.0,2025-04-06 16:16:41,33.7,52,0.03997319594122417,4,1,462.0
3118403.0,221.9090909090909,2025-04-06 16:16:42,55.9,53,0.027400600179275602,4,1,462.0
2350433.0,93.06666666666666,2025-04-06 16:16:43,34.5,54,0.02587151779736186,4,1,462.0
2692240.0,75.63636363636364,2025-04-06 16:16:44,35.3,55,0.04504934585111217,4,1,462.0
2692240.0,75.63636363636364,2025-04-06 16:16:44,35.3,56,0.04314749166469787,4,1,462.0
1371338.0,25.22222222222222,2025-04-06 16:16:44,35.3,55,0.04504934585111217,4,1,462.0
1371338.0,25.22222222222222,2025-04-06 16:16:44,35.3,56,0.04314749166469787,4,1,462.0
564933.0,22.307692307692307,2025-04-06 16:16:46,31.3,57,0.06013966906444963,4,1,462.0
885747.0,107.0,2025-04-06 16:16:47,32.7,58,0.10738618613591924,4,1,462.0
881301.0,148.8,2025-04-06 16:16:48,35.0,59,0.11590928500769859,4,1,462.0
345400.0,11.583333333333334,2025-04-06 16:40:20,31.1,0,0.18292973408552032,9,1,428.0
345400.0,11.583333333333334,2025-04-06 16:40:21,39.3,1,0.16772223834421573,9,1,428.0
357693.0,11.2,2025-04-06 16:40:22,43.9,2,0.36289997436688154,9,1,428.0
1015021.0,19.0,2025-04-06 16:40:23,62.3,3,0.4450802573697006,9,1,428.0
1319624.0,27.25925925925926,2025-04-06 16:40:24,39.1,4,0.4203144795105737,9,1,428.0
1307331.0,28.23076923076923,2025-04-06 16:40:25,36.2,5,0.13404533275197006,9,1,428.0
1307331.0,28.23076923076923,2025-04-06 16:40:25,36.2,6,0.3944448916702603,9,1,428.0
10070.0,,2025-04-06 16:40:25,36.2,5,0.13404533275197006,9,1,428.0
10070.0,,2025-04-06 16:40:25,36.2,6,0.3944448916702603,9,1,428.0
343723.0,82.0,2025-04-06 16:40:27,32.1,7,0.30702312941271986,9,1,428.0
7083424.0,137.25,2025-04-06 16:40:28,42.6,8,0.0902907808324925,9,1,428.0
7666701.0,144.45945945945945,2025-04-06 16:40:29,35.4,9,0.12949747070216666,9,1,428.0
7322979.0,148.02857142857144,2025-04-06 16:40:30,34.7,10,0.05994032484398829,9,1,428.0
229557.0,,2025-04-06 16:40:31,35.0,11,0.03984040537097035,9,1,428.0
174875.0,38.5,2025-04-06 16:40:32,31.1,12,0.015205227722370098,9,1,428.0
5017125.0,161.95454545454547,2025-04-06 16:40:33,37.9,13,0.02991028696922678,9,1,428.0
6137125.0,167.5,2025-04-06 16:40:34,64.3,14,0.031840755248935135,9,1,428.0
5811323.0,157.86363636363637,2025-04-06 16:40:35,33.6,15,0.014018082641786892,9,1,428.0
561050.0,75.0,2025-04-06 16:40:36,34.5,16,0.015177329007966164,9,1,428.0
24235.0,4.5,2025-04-06 16:40:37,41.3,17,0.012790831300962693,9,1,428.0
3751949.0,148.65,2025-04-06 16:40:38,37.5,18,0.013995729662369246,9,1,428.0
4033827.0,142.36363636363637,2025-04-06 16:40:39,46.8,19,0.009673274304495124,9,1,428.0
4350527.0,133.1,2025-04-06 16:40:40,35.9,20,0.013040831838867416,9,1,428.0
647213.0,86.75,2025-04-06 16:40:41,31.7,21,0.010957513648590544,9,1,428.0
1065988.0,97.5,2025-04-06 16:40:42,37.8,22,0.0117227901091003,9,1,428.0
3693621.0,116.55,2025-04-06 16:40:43,36.9,23,0.011034587547439209,9,1,428.0
3693621.0,116.55,2025-04-06 16:40:44,34.5,24,0.011617668516488778,9,1,428.0
3234322.0,89.26666666666667,2025-04-06 16:40:45,36.8,25,0.015624548789545601,9,1,428.0
631512.0,80.25,2025-04-06 16:40:46,44.4,26,0.012681450318163827,9,1,428.0
1088283.0,54.66666666666666,2025-04-06 16:40:47,60.4,27,0.01059236023886637,9,1,428.0
3490757.0,124.84210526315788,2025-04-06 16:40:48,44.1,28,0.009359278997408054,9,1,428.0
3674131.0,122.65,2025-04-06 16:40:49,34.2,29,0.011888508898848415,9,1,428.0
3258455.0,127.375,2025-04-06 16:40:50,36.1,30,0.011323918397558847,9,1,428.0
840923.0,81.6,2025-04-06 16:40:51,66.0,31,0.012108687695786095,9,1,428.0
888043.0,68.33333333333333,2025-04-06 16:40:52,54.6,32,0.01050436711112562,9,1,428.0
4090979.0,131.8095238095238,2025-04-06 16:40:53,32.8,33,0.017836997965820993,9,1,428.0
3926251.0,134.15,2025-04-06 16:40:54,30.7,34,0.3228838350679499,9,1,428.0
3363260.0,142.1875,2025-04-06 16:40:55,39.8,35,0.2574338370502007,9,1,428.0
737264.0,79.0,2025-04-06 16:40:56,76.1,36,0.08345989189870805,9,1,428.0
731312.0,80.0,2025-04-06 16:40:57,57.3,37,0.03506516141510197,9,1,428.0
3919435.0,105.13636363636364,2025-04-06 16:40:58,42.5,38,0.014080400627509178,9,1,428.0
3948700.0,123.95,2025-04-06 16:40:59,43.3,39,0.013851076958031698,9,1,428.0
3602984.0,102.94117647058825,2025-04-06 16:41:00,78.2,40,0.011920004743735687,9,1,428.0
345437.0,80.0,2025-04-06 16:41:01,45.8,41,0.01193031164346661,9,1,428.0
648437.0,42.25,2025-04-06 16:41:02,39.1,42,0.012598099764504718,9,1,428.0
1409656.0,30.91304347826087,2025-04-06 16:41:03,35.9,43,0.013083247142869674,9,1,428.0
1303485.0,27.956521739130437,2025-04-06 16:41:04,34.1,44,0.012073345299089112,9,1,428.0
740192.0,20.2,2025-04-06 16:41:05,40.0,45,0.012643308712388257,9,1,428.0
30061.0,6.5,2025-04-06 16:41:06,34.0,46,0.010313204221619262,9,1,428.0
90096.0,2.875,2025-04-06 16:41:07,34.0,47,0.012375880486685531,9,1,428.0
195949.0,2.7058823529411766,2025-04-06 16:41:08,34.6,48,0.009089064611795412,9,1,428.0
263221.0,3.9130434782608696,2025-04-06 16:41:09,30.9,49,0.010329523649666321,9,1,428.0
183523.0,4.375,2025-04-06 16:41:10,29.3,50,0.010004329685607664,9,1,428.0
85781.0,6.375,2025-04-06 16:41:11,32.3,51,0.009431982782053405,9,1,428.0
53507.0,4.625,2025-04-06 16:41:12,38.2,52,0.013416821805171699,9,1,428.0
53507.0,4.625,2025-04-06 16:41:12,38.2,53,0.011232362909501102,9,1,428.0
110341.0,4.0,2025-04-06 16:41:12,38.2,52,0.013416821805171699,9,1,428.0
110341.0,4.0,2025-04-06 16:41:12,38.2,53,0.011232362909501102,9,1,428.0
118573.0,3.869565217391304,2025-04-06 16:41:14,32.8,54,0.012047395148117193,9,1,428.0
73179.0,3.5,2025-04-06 16:41:15,39.7,55,0.009208525718865558,9,1,428.0
16344.0,3.4,2025-04-06 16:41:16,32.1,56,0.011783507110095825,9,1,428.0
16344.0,3.4,2025-04-06 16:41:17,40.8,57,0.026875763990790107,9,1,428.0
